ctime,schemaname,relname,seq_scan,seq_tup_read,idx_scan,idx_tup_fetch,n_tup_ins,n_tup_upd,n_tup_del,n_tup_hot_upd,n_live_tup,n_dead_tup,heap_blks_read,heap_blks_hit,idx_blks_read,idx_blks_hit,toast_blks_read,toast_blks_hit,tidx_blks_read,tidx_blks_hit
1430778755.94905,pg_catalog,pg_operator,3,2295,273,1741,0,0,0,0,765,0,42,1199,20,608,,,,
1430778755.94905,pg_catalog,pg_extension,3,3,0,0,0,0,0,0,1,0,2,2,0,0,,,,
1430778755.94905,pg_catalog,pg_authid,699,699,14891,14891,0,0,0,0,1,0,208,15407,696,29086,,,,
1430778755.94905,pg_catalog,pg_statistic,2,830,1210,1031,92,415,0,187,92,309,70,2051,14,3094,37,296,4,242
1430778755.94905,pg_catalog,pg_opfamily,3,258,0,0,0,0,0,0,86,0,4,4,0,0,,,,
1430778755.94905,pg_catalog,pg_shdescription,54,159,25,0,0,0,0,0,3,0,51,28,51,0,0,0,0,0
1430778755.94905,pg_catalog,pg_event_trigger,3,0,27,0,0,0,0,0,0,0,0,0,2,25,,,,
1430778755.94905,public,item,4,400000,36,36,100000,0,0,0,100000,0,2593,9090,28,47,,,,
1430778755.94905,pg_catalog,pg_user_mapping,3,0,0,0,0,0,0,0,0,0,0,0,0,0,,,,
1430778755.94905,pg_catalog,pg_inherits,3,0,84,0,0,0,0,0,0,0,0,0,2,82,,,,
1430778755.94905,pg_toast,pg_toast_3596,0,0,0,0,0,0,0,0,0,0,0,0,0,0,,,,
1430778755.94905,pg_catalog,pg_rewrite,3,327,2,2,0,0,0,0,109,0,23,23,2,2,45,39,8,122
1430778755.94905,pg_catalog,pg_foreign_data_wrapper,3,0,0,0,0,0,0,0,0,0,0,0,0,0,,,,
1430778755.94905,pg_catalog,pg_largeobject_metadata,2,0,0,0,0,0,0,0,0,0,0,0,0,0,,,,
1430778755.94905,pg_catalog,pg_opclass,7,388,383,5147,0,0,0,0,128,0,9,1822,12,485,,,,
1430778755.94905,pg_catalog,pg_attrdef,3,0,0,0,0,0,0,0,0,0,0,0,0,0,0,0,0,0
1430778755.94905,pg_catalog,pg_default_acl,3,0,59,0,0,0,0,0,0,0,0,0,2,57,,,,
1430778755.94905,pg_catalog,pg_aggregate,2,266,2,2,0,0,0,0,133,0,5,3,2,2,,,,
1430778755.94905,pg_toast,pg_toast_12329,0,0,0,0,0,0,0,0,0,0,0,0,0,0,,,,
1430778755.94905,public,history,1,240000,,,240008,0,0,0,240008,0,5671,7195,,,,,,
1430778755.94905,public,new_order,4,288000,0,0,72003,0,0,0,72003,0,783,2338,5,8,,,,
1430778755.94905,public,order_line,4,9112860,1,11,2278251,0,0,0,2278251,0,162502,62553,8,109,,,,
1430778755.94905,pg_catalog,pg_ts_dict,3,48,0,0,0,0,0,0,16,0,2,2,0,0,,,,
1430778755.94905,pg_catalog,pg_index,20,512,1008,1242,27,0,17,0,123,17,13,1102,12,1208,,,,
1430778755.94905,pg_catalog,pg_tablespace,153,306,5638,5638,0,0,0,0,2,0,164,5652,312,11030,,,,
1430778755.94905,pg_toast,pg_toast_2619,0,0,152,431,75,0,14,0,61,14,37,296,4,242,,,,
1430778755.94905,pg_catalog,pg_constraint,5,50,8,0,8,0,0,0,10,0,6,33,8,64,0,0,0,0
1430778755.94905,pg_toast,pg_toast_2618,0,0,62,193,0,0,0,0,0,0,45,39,4,61,,,,
1430778755.94905,pg_catalog,pg_cast,3,594,2002,399,0,0,0,0,198,0,6,401,6,2034,,,,
1430778755.94905,pg_catalog,pg_ts_config,3,48,0,0,0,0,0,0,16,0,2,2,0,0,,,,
1430778755.94905,pg_catalog,pg_ts_parser,3,3,0,0,0,0,0,0,1,0,2,2,0,0,,,,
1430778755.94905,pg_toast,pg_toast_2620,0,0,0,0,0,0,0,0,0,0,0,0,0,0,,,,
1430778755.94905,pg_toast,pg_toast_2396,0,0,0,0,0,0,0,0,0,0,0,0,0,0,,,,
1430778755.94905,pg_catalog,pg_largeobject,2,0,0,0,0,0,0,0,0,0,0,0,0,0,,,,
1430778755.94905,pg_catalog,pg_enum,4,0,0,0,0,0,0,0,0,0,0,0,0,0,,,,
1430778755.94905,pg_catalog,pg_foreign_table,2,0,0,0,0,0,0,0,0,0,0,0,0,0,,,,
1430778755.94905,pg_catalog,pg_collation,3,1806,0,0,0,0,0,0,602,0,38,38,0,0,,,,
1430778755.94905,pg_catalog,pg_am,103,115,0,0,0,0,0,0,5,0,3,101,0,0,,,,
1430778755.94905,pg_catalog,pg_proc,3,8073,267,312,6,0,0,0,2691,0,158,451,28,615,0,0,0,0
1430778755.94905,pg_catalog,pg_shdepend,75,75,8502,2126,0,0,0,0,1,0,51,2175,204,8850,,,,
1430778755.94905,pg_catalog,pg_language,4,16,10,10,0,0,0,0,4,0,2,13,4,18,,,,
1430778755.94905,pg_catalog,pg_range,2,12,2,0,0,0,0,0,6,0,2,1,2,2,,,,
1430778755.94905,pg_catalog,pg_attribute,26,7748,2674,9691,1401,20,1219,1,2491,1218,141,6165,35,11132,,,,
1430778755.94905,pg_catalog,pg_database,2676,10285,80405,80353,26,0,25,0,4,0,122,83033,888,98042,,,,
1430778755.94905,pg_catalog,pg_conversion,4,528,0,0,0,0,0,0,132,0,6,9,0,0,,,,
1430778755.94905,pg_catalog,pg_type,3,1093,1461,1102,173,0,151,0,361,151,26,1476,20,3541,,,,
1430778755.94905,pg_catalog,pg_trigger,4,0,0,0,0,0,0,0,0,0,0,0,0,0,0,0,0,0
1430778755.94905,information_schema,sql_implementation_info,1,12,,,0,0,0,0,12,0,2,0,,,0,0,0,0
1430778755.94905,information_schema,sql_languages,1,4,,,0,0,0,0,4,0,2,0,,,0,0,0,0
1430778755.94905,public,customer,6,1440000,26,129,240000,8,0,0,240000,8,136407,49294,31,128,,,,
1430778755.94905,pg_toast,pg_toast_12309,0,0,0,0,0,0,0,0,0,0,0,0,0,0,,,,
1430778755.94905,pg_toast,pg_toast_12334,0,0,0,0,0,0,0,0,0,0,0,0,0,0,,,,
1430778755.94905,pg_catalog,pg_amop,4,1744,294,381,0,0,0,0,436,0,12,389,21,651,,,,
1430778755.94905,pg_toast,pg_toast_1255,0,0,0,0,0,0,0,0,0,0,0,0,0,0,,,,
1430778755.94905,pg_toast,pg_toast_12314,0,0,0,0,0,0,0,0,0,0,0,0,0,0,,,,
1430778755.94905,pg_toast,pg_toast_12324,0,0,0,0,0,0,0,0,0,0,0,0,0,0,,,,
1430778755.94905,pg_catalog,pg_amproc,7,1040,270,431,0,0,0,0,344,0,9,271,9,620,,,,
1430778755.94905,public,orders,6,1440000,1,1,240003,0,0,0,240003,0,3865,15440,12,19,,,,
1430778755.94905,pg_toast,pg_toast_2964,0,0,0,0,0,0,0,0,0,0,0,0,0,0,,,,
1430778755.94905,pg_catalog,pg_ts_template,3,15,0,0,0,0,0,0,5,0,2,2,0,0,,,,
1430778755.94905,pg_catalog,pg_db_role_setting,75,0,36992,0,0,0,0,0,0,0,0,0,211,36781,0,0,0,0
1430778755.94905,pg_toast,pg_toast_2609,0,0,0,0,0,0,0,0,0,0,0,0,0,0,,,,
1430778755.94905,public,stock,4,3200000,72,72,800000,36,0,0,799999,36,202976,76027,33,296,,,,
1430778755.94905,information_schema,sql_parts,1,9,,,0,0,0,0,9,0,2,0,,,0,0,0,0
1430778755.94905,pg_catalog,pg_class,46,3834,3065,2724,122,324,101,68,316,359,29,4360,33,7821,,,,
1430778755.94905,pg_catalog,pg_seclabel,2,0,252,0,0,0,0,0,0,0,0,0,2,250,0,0,0,0
1430778755.94905,public,district,32,2080,0,0,80,11,0,10,80,4,8,68,2,13,,,,
1430778755.94905,pg_catalog,pg_ts_config_map,2,608,0,0,0,0,0,0,304,0,4,2,0,0,,,,
1430778755.94905,information_schema,sql_sizing,1,23,,,0,0,0,0,23,0,2,0,,,0,0,0,0
1430778755.94905,pg_toast,pg_toast_12339,0,0,0,0,0,0,0,0,0,0,0,0,0,0,,,,
1430778755.94905,information_schema,sql_packages,1,10,,,0,0,0,0,10,0,2,0,,,0,0,0,0
1430778755.94905,pg_toast,pg_toast_2606,0,0,0,0,0,0,0,0,0,0,0,0,0,0,,,,
1430778755.94905,pg_catalog,pg_pltemplate,50,400,0,0,0,0,0,0,8,0,50,25,0,0,,,,
1430778755.94905,pg_catalog,pg_auth_members,75,0,0,0,0,0,0,0,0,0,0,0,0,0,,,,
1430778755.94905,pg_catalog,pg_depend,3,20120,2731,2507,348,0,256,0,6672,256,103,3172,39,6884,,,,
1430778755.94905,public,warehouse,26,184,0,0,8,8,0,8,8,8,3,30,1,10,,,,
1430778755.94905,pg_toast,pg_toast_2604,0,0,0,0,0,0,0,0,0,0,0,0,0,0,,,,
1430778755.94905,pg_catalog,pg_shseclabel,50,0,25,0,0,0,0,0,0,0,0,0,25,0,,,,
1430778755.94905,information_schema,sql_features,1,672,,,0,0,0,0,672,0,14,0,,,0,0,0,0
1430778755.94905,pg_toast,pg_toast_12319,0,0,0,0,0,0,0,0,0,0,0,0,0,0,,,,
1430778755.94905,pg_catalog,pg_description,2,7372,252,0,0,0,0,0,3686,0,64,32,6,501,0,0,0,0
1430778755.94905,pg_catalog,pg_namespace,5,30,201,121,0,0,0,0,6,0,3,124,11,286,,,,
1430778755.94905,information_schema,sql_sizing_profiles,1,0,,,0,0,0,0,0,0,0,0,,,0,0,0,0
1430778755.94905,pg_catalog,pg_foreign_server,3,0,0,0,0,0,0,0,0,0,0,0,0,0,,,,
1430778816.13636,pg_catalog,pg_operator,3,2295,2882,19712,0,0,0,0,765,0,42,13679,20,6060,,,,
1430778816.13636,pg_catalog,pg_extension,3,3,0,0,0,0,0,0,1,0,2,2,0,0,,,,
1430778816.13636,pg_catalog,pg_authid,702,702,15131,15131,0,0,0,0,1,0,209,15649,700,29562,,,,
1430778816.13636,pg_catalog,pg_statistic,2,830,7515,7330,92,415,0,187,92,309,71,8349,14,15782,37,2276,4,1773
1430778816.13636,pg_catalog,pg_opfamily,3,258,0,0,0,0,0,0,86,0,4,4,0,0,,,,
1430778816.13636,pg_catalog,pg_shdescription,54,159,25,0,0,0,0,0,3,0,51,28,51,0,0,0,0,0
1430778816.13636,pg_catalog,pg_event_trigger,3,0,27,0,0,0,0,0,0,0,0,0,2,25,,,,
1430778816.13636,public,item,4,400000,342477,342148,100000,0,0,0,100000,0,3844,349951,276,686397,,,,
1430778816.13636,pg_catalog,pg_user_mapping,3,0,0,0,0,0,0,0,0,0,0,0,0,0,,,,
1430778816.13636,pg_catalog,pg_inherits,3,0,84,0,0,0,0,0,0,0,0,0,2,82,,,,
1430778816.13636,pg_toast,pg_toast_3596,0,0,0,0,0,0,0,0,0,0,0,0,0,0,,,,
1430778816.13636,pg_catalog,pg_rewrite,3,327,10,10,0,0,0,0,109,0,27,27,2,16,51,40,8,138
1430778816.13636,pg_catalog,pg_foreign_data_wrapper,3,0,0,0,0,0,0,0,0,0,0,0,0,0,,,,
1430778816.13636,pg_catalog,pg_largeobject_metadata,2,0,0,0,0,0,0,0,0,0,0,0,0,0,,,,
1430778816.13636,pg_catalog,pg_opclass,9,390,1306,18630,0,0,0,0,128,0,9,7083,12,1559,,,,
1430778816.13636,pg_catalog,pg_attrdef,3,0,0,0,0,0,0,0,0,0,0,0,0,0,0,0,0,0
1430778816.13636,pg_catalog,pg_default_acl,3,0,59,0,0,0,0,0,0,0,0,0,2,57,,,,
1430778816.13636,pg_catalog,pg_aggregate,2,266,163,163,0,0,0,0,133,0,5,164,2,244,,,,
1430778816.13636,pg_toast,pg_toast_12329,0,0,0,0,0,0,0,0,0,0,0,0,0,0,,,,
1430778816.13636,public,history,1,240000,,,271012,0,0,0,271012,0,6065,39053,,,,,,
1430778816.13636,public,new_order,4,288000,57680,54845,104633,0,25690,0,78614,26019,1216,119783,373,290237,,,,
1430778816.13636,public,order_line,4,9112860,63298,939744,2620363,274085,0,115957,2617303,227945,173479,1479483,6640,1702628,,,,
1430778816.13636,pg_catalog,pg_ts_dict,3,48,0,0,0,0,0,0,16,0,2,2,0,0,,,,
1430778816.13636,pg_catalog,pg_index,32,1134,2895,3294,27,0,17,0,123,17,13,3015,12,3247,,,,
1430778816.13636,pg_catalog,pg_tablespace,153,306,5753,5753,0,0,0,0,2,0,165,5766,315,11259,,,,
1430778816.13636,pg_toast,pg_toast_2619,0,0,1611,4892,75,0,14,0,61,14,37,2276,4,1773,,,,
1430778816.13636,pg_catalog,pg_constraint,5,50,8,0,8,0,0,0,10,0,6,33,8,64,0,0,0,0
1430778816.13636,pg_toast,pg_toast_2618,0,0,67,209,0,0,0,0,0,0,51,40,4,69,,,,
1430778816.13636,pg_catalog,pg_cast,3,594,12420,2819,0,0,0,0,198,0,6,2821,6,12530,,,,
1430778816.13636,pg_catalog,pg_ts_config,3,48,0,0,0,0,0,0,16,0,2,2,0,0,,,,
1430778816.13636,pg_catalog,pg_ts_parser,3,3,0,0,0,0,0,0,1,0,2,2,0,0,,,,
1430778816.13636,pg_toast,pg_toast_2620,0,0,0,0,0,0,0,0,0,0,0,0,0,0,,,,
1430778816.13636,pg_toast,pg_toast_2396,0,0,0,0,0,0,0,0,0,0,0,0,0,0,,,,
1430778816.13636,pg_catalog,pg_largeobject,2,0,0,0,0,0,0,0,0,0,0,0,0,0,,,,
1430778816.13636,pg_catalog,pg_enum,4,0,0,0,0,0,0,0,0,0,0,0,0,0,,,,
1430778816.13636,pg_catalog,pg_foreign_table,2,0,0,0,0,0,0,0,0,0,0,0,0,0,,,,
1430778816.13636,pg_catalog,pg_collation,3,1806,0,0,0,0,0,0,602,0,38,38,0,0,,,,
1430778816.13636,pg_catalog,pg_am,177,189,0,0,0,0,0,0,5,0,3,175,0,0,,,,
1430778816.13636,pg_catalog,pg_proc,3,8073,3873,5111,6,0,0,0,2691,0,168,4576,33,8123,0,0,0,0
1430778816.13636,pg_catalog,pg_shdepend,75,75,8502,2126,0,0,0,0,1,0,51,2175,204,8850,,,,
1430778816.13636,pg_catalog,pg_language,4,16,10,10,0,0,0,0,4,0,2,13,4,18,,,,
1430778816.13636,pg_catalog,pg_range,2,12,2,0,0,0,0,0,6,0,2,1,2,2,,,,
1430778816.13636,pg_catalog,pg_attribute,37,7823,10112,27150,1401,20,1219,1,2491,1218,146,14880,36,26084,,,,
1430778816.13636,pg_catalog,pg_database,2679,10291,80783,80731,26,0,25,0,4,0,122,83414,892,98657,,,,
1430778816.13636,pg_catalog,pg_conversion,4,528,0,0,0,0,0,0,132,0,6,9,0,0,,,,
1430778816.13636,pg_catalog,pg_type,3,1093,5208,4849,173,0,151,0,361,0,26,5223,20,11113,,,,
1430778816.13636,pg_catalog,pg_trigger,4,0,0,0,0,0,0,0,0,0,0,0,0,0,0,0,0,0
1430778816.13636,information_schema,sql_implementation_info,1,12,,,0,0,0,0,12,0,2,0,,,0,0,0,0
1430778816.13636,information_schema,sql_languages,1,4,,,0,0,0,0,4,0,2,0,,,0,0,0,0
1430778816.13636,public,customer,6,1440000,146594,375602,240000,59852,0,36425,240000,28503,156133,533976,2811,580988,,,,
1430778816.13636,pg_toast,pg_toast_12309,0,0,0,0,0,0,0,0,0,0,0,0,0,0,,,,
1430778816.13636,pg_toast,pg_toast_12334,0,0,0,0,0,0,0,0,0,0,0,0,0,0,,,,
1430778816.13636,pg_catalog,pg_amop,4,1744,1792,2411,0,0,0,0,436,0,12,2419,21,3801,,,,
1430778816.13636,pg_toast,pg_toast_1255,0,0,0,0,0,0,0,0,0,0,0,0,0,0,,,,
1430778816.13636,pg_toast,pg_toast_12314,0,0,0,0,0,0,0,0,0,0,0,0,0,0,,,,
1430778816.13636,pg_toast,pg_toast_12324,0,0,0,0,0,0,0,0,0,0,0,0,0,0,,,,
1430778816.13636,pg_catalog,pg_amproc,9,1044,814,1203,0,0,0,0,344,0,9,821,9,1782,,,,
1430778816.13636,public,orders,6,1440000,60491,61213,272633,28840,0,22922,272304,6952,5718,151112,2305,414104,,,,
1430778816.13636,pg_toast,pg_toast_2964,0,0,0,0,0,0,0,0,0,0,0,0,0,0,,,,
1430778816.13636,pg_catalog,pg_ts_template,3,15,0,0,0,0,0,0,5,0,2,2,0,0,,,,
1430778816.13636,pg_catalog,pg_db_role_setting,75,0,37476,0,0,0,0,0,0,0,0,0,212,37264,0,0,0,0
1430778816.13636,pg_toast,pg_toast_2609,0,0,0,0,0,0,0,0,0,0,0,0,0,0,,,,
1430778816.13636,public,stock,4,3200000,1048671,701248,800000,342148,0,0,799999,342148,233573,1181022,4967,4181574,,,,
1430778816.13636,information_schema,sql_parts,1,9,,,0,0,0,0,9,0,2,0,,,0,0,0,0
1430778816.13636,pg_catalog,pg_class,64,6057,8284,7107,122,324,101,68,316,359,29,8850,33,15031,,,,
1430778816.13636,pg_catalog,pg_seclabel,2,0,252,0,0,0,0,0,0,0,0,0,2,250,0,0,0,0
1430778816.13636,public,district,45802,3411520,102602,102580,80,63645,0,63293,80,1788,52,1797053,2,103038,,,,
1430778816.13636,pg_catalog,pg_ts_config_map,2,608,0,0,0,0,0,0,304,0,4,2,0,0,,,,
1430778816.13636,information_schema,sql_sizing,1,23,,,0,0,0,0,23,0,2,0,,,0,0,0,0
1430778816.13636,pg_toast,pg_toast_12339,0,0,0,0,0,0,0,0,0,0,0,0,0,0,,,,
1430778816.13636,information_schema,sql_packages,1,10,,,0,0,0,0,10,0,2,0,,,0,0,0,0
1430778816.13636,pg_toast,pg_toast_2606,0,0,0,0,0,0,0,0,0,0,0,0,0,0,,,,
1430778816.13636,pg_catalog,pg_pltemplate,50,400,0,0,0,0,0,0,8,0,50,25,0,0,,,,
1430778816.13636,pg_catalog,pg_auth_members,75,0,0,0,0,0,0,0,0,0,0,0,0,0,,,,
1430778816.13636,pg_catalog,pg_depend,3,20120,2731,2507,348,0,256,0,6672,256,103,3172,39,6884,,,,
1430778816.13636,public,warehouse,32744,202224,69383,69383,8,31012,0,30097,8,2235,95,1487640,2,70459,,,,
1430778816.13636,pg_toast,pg_toast_2604,0,0,0,0,0,0,0,0,0,0,0,0,0,0,,,,
1430778816.13636,pg_catalog,pg_shseclabel,50,0,25,0,0,0,0,0,0,0,0,0,25,0,,,,
1430778816.13636,information_schema,sql_features,1,672,,,0,0,0,0,672,0,14,0,,,0,0,0,0
1430778816.13636,pg_toast,pg_toast_12319,0,0,0,0,0,0,0,0,0,0,0,0,0,0,,,,
1430778816.13636,pg_catalog,pg_description,2,7372,252,0,0,0,0,0,3686,0,64,32,6,501,0,0,0,0
1430778816.13636,pg_catalog,pg_namespace,7,42,558,400,0,0,0,0,6,0,3,405,12,722,,,,
1430778816.13636,information_schema,sql_sizing_profiles,1,0,,,0,0,0,0,0,0,0,0,,,0,0,0,0
1430778816.13636,pg_catalog,pg_foreign_server,3,0,0,0,0,0,0,0,0,0,0,0,0,0,,,,
1430778876.27757,pg_catalog,pg_operator,3,2295,2910,19740,0,0,0,0,765,0,42,13707,20,6123,,,,
1430778876.27757,pg_catalog,pg_extension,3,3,0,0,0,0,0,0,1,0,2,2,0,0,,,,
1430778876.27757,pg_catalog,pg_authid,703,703,15142,15142,0,0,0,0,1,0,209,15661,700,29584,,,,
1430778876.27757,pg_catalog,pg_statistic,2,830,12448,12257,92,526,0,201,491,114,98,13706,14,25932,44,4282,4,3114
1430778876.27757,pg_catalog,pg_opfamily,3,258,0,0,0,0,0,0,86,0,4,4,0,0,,,,
1430778876.27757,pg_catalog,pg_shdescription,54,159,25,0,0,0,0,0,3,0,51,28,51,0,0,0,0,0
1430778876.27757,pg_catalog,pg_event_trigger,3,0,27,0,0,0,0,0,0,0,0,0,2,25,,,,
1430778876.27757,public,item,4,400000,703364,702698,100000,0,0,0,100000,0,3845,710500,276,1409818,,,,
1430778876.27757,pg_catalog,pg_user_mapping,3,0,0,0,0,0,0,0,0,0,0,0,0,0,,,,
1430778876.27757,pg_catalog,pg_inherits,3,0,84,0,0,0,0,0,0,0,0,0,2,82,,,,
1430778876.27757,pg_toast,pg_toast_3596,0,0,0,0,0,0,0,0,0,0,0,0,0,0,,,,
1430778876.27757,pg_catalog,pg_rewrite,3,327,16,16,0,0,0,0,109,0,27,33,2,26,51,47,8,154
1430778876.27757,pg_catalog,pg_foreign_data_wrapper,3,0,0,0,0,0,0,0,0,0,0,0,0,0,,,,
1430778876.27757,pg_catalog,pg_largeobject_metadata,2,0,0,0,0,0,0,0,0,0,0,0,0,0,,,,
1430778876.27757,pg_catalog,pg_opclass,9,390,1598,20068,0,0,0,0,128,0,9,7711,12,1858,,,,
1430778876.27757,pg_catalog,pg_attrdef,3,0,0,0,0,0,0,0,0,0,0,0,0,0,0,0,0,0
1430778876.27757,pg_catalog,pg_default_acl,3,0,59,0,0,0,0,0,0,0,0,0,2,57,,,,
1430778876.27757,pg_catalog,pg_aggregate,2,266,164,164,0,0,0,0,133,0,5,165,2,246,,,,
1430778876.27757,pg_toast,pg_toast_12329,0,0,0,0,0,0,0,0,0,0,0,0,0,0,,,,
1430778876.27757,public,history,1,240000,,,304067,0,0,0,303868,0,6490,73035,,,,,,
1430778876.27757,public,new_order,4,288000,120820,113575,138989,0,52480,0,85857,20971,1710,275592,783,631147,,,,
1430778876.27757,public,order_line,4,9112860,132570,1891634,2980913,573904,0,185834,2974670,504822,184403,3311264,12424,3697283,,,,
1430778876.27757,pg_catalog,pg_ts_dict,3,48,0,0,0,0,0,0,16,0,2,2,0,0,,,,
1430778876.27757,pg_catalog,pg_index,37,1749,3892,4466,27,0,17,0,123,17,13,4028,12,4253,,,,
1430778876.27757,pg_catalog,pg_tablespace,153,306,5758,5758,0,0,0,0,2,0,165,5771,315,11269,,,,
1430778876.27757,pg_toast,pg_toast_2619,0,0,2927,9100,99,0,38,0,61,38,44,4282,4,3114,,,,
1430778876.27757,pg_catalog,pg_constraint,5,50,8,0,8,0,0,0,10,0,6,33,8,64,0,0,0,0
1430778876.27757,pg_toast,pg_toast_2618,0,0,72,225,0,0,0,0,0,0,51,47,4,77,,,,
1430778876.27757,pg_catalog,pg_cast,3,594,12864,2871,0,0,0,0,198,0,6,2873,6,12979,,,,
1430778876.27757,pg_catalog,pg_ts_config,3,48,0,0,0,0,0,0,16,0,2,2,0,0,,,,
1430778876.27757,pg_catalog,pg_ts_parser,3,3,0,0,0,0,0,0,1,0,2,2,0,0,,,,
1430778876.27757,pg_toast,pg_toast_2620,0,0,0,0,0,0,0,0,0,0,0,0,0,0,,,,
1430778876.27757,pg_toast,pg_toast_2396,0,0,0,0,0,0,0,0,0,0,0,0,0,0,,,,
1430778876.27757,pg_catalog,pg_largeobject,2,0,0,0,0,0,0,0,0,0,0,0,0,0,,,,
1430778876.27757,pg_catalog,pg_enum,4,0,0,0,0,0,0,0,0,0,0,0,0,0,,,,
1430778876.27757,pg_catalog,pg_foreign_table,2,0,0,0,0,0,0,0,0,0,0,0,0,0,,,,
1430778876.27757,pg_catalog,pg_collation,3,1806,0,0,0,0,0,0,602,0,38,38,0,0,,,,
1430778876.27757,pg_catalog,pg_am,181,193,0,0,0,0,0,0,5,0,3,179,0,0,,,,
1430778876.27757,pg_catalog,pg_proc,3,8073,3945,5211,6,0,0,0,2691,0,168,4660,33,8275,0,0,0,0
1430778876.27757,pg_catalog,pg_shdepend,75,75,8502,2126,0,0,0,0,1,0,51,2175,204,8850,,,,
1430778876.27757,pg_catalog,pg_language,4,16,10,10,0,0,0,0,4,0,2,13,4,18,,,,
1430778876.27757,pg_catalog,pg_range,2,12,2,0,0,0,0,0,6,0,2,1,2,2,,,,
1430778876.27757,pg_catalog,pg_attribute,37,7823,12255,42070,1401,20,1219,1,2491,0,193,18419,57,30499,,,,
1430778876.27757,pg_catalog,pg_database,2682,10303,80891,80839,26,0,25,0,4,0,122,83525,892,98779,,,,
1430778876.27757,pg_catalog,pg_conversion,4,528,0,0,0,0,0,0,132,0,6,9,0,0,,,,
1430778876.27757,pg_catalog,pg_type,3,1093,5298,4939,173,0,151,0,361,0,34,5340,25,11300,,,,
1430778876.27757,pg_catalog,pg_trigger,4,0,0,0,0,0,0,0,0,0,0,0,0,0,0,0,0,0
1430778876.27757,information_schema,sql_implementation_info,1,12,,,0,0,0,0,12,0,2,0,,,0,0,0,0
1430778876.27757,information_schema,sql_languages,1,4,,,0,0,0,0,4,0,2,0,,,0,0,0,0
1430778876.27757,public,customer,6,1440000,303414,774981,240000,124477,0,90052,240067,46817,157216,1037792,3195,1121672,,,,
1430778876.27757,pg_toast,pg_toast_12309,0,0,0,0,0,0,0,0,0,0,0,0,0,0,,,,
1430778876.27757,pg_toast,pg_toast_12334,0,0,0,0,0,0,0,0,0,0,0,0,0,0,,,,
1430778876.27757,pg_catalog,pg_amop,4,1744,1862,2488,0,0,0,0,436,0,12,2496,22,3948,,,,
1430778876.27757,pg_toast,pg_toast_1255,0,0,0,0,0,0,0,0,0,0,0,0,0,0,,,,
1430778876.27757,pg_toast,pg_toast_12314,0,0,0,0,0,0,0,0,0,0,0,0,0,0,,,,
1430778876.27757,pg_toast,pg_toast_12324,0,0,0,0,0,0,0,0,0,0,0,0,0,0,,,,
1430778876.27757,pg_catalog,pg_amproc,9,1044,1086,1638,0,0,0,0,344,0,9,1087,9,2330,,,,
1430778876.27757,public,orders,6,1440000,126745,130181,306989,60410,0,41460,306355,23228,6452,318507,3010,899519,,,,
1430778876.27757,pg_toast,pg_toast_2964,0,0,0,0,0,0,0,0,0,0,0,0,0,0,,,,
1430778876.27757,pg_catalog,pg_ts_template,3,15,0,0,0,0,0,0,5,0,2,2,0,0,,,,
1430778876.27757,pg_catalog,pg_db_role_setting,75,0,37504,0,0,0,0,0,0,0,0,0,212,37292,0,0,0,0
1430778876.27757,pg_toast,pg_toast_2609,0,0,0,0,0,0,0,0,0,0,0,0,0,0,,,,
1430778876.27757,public,stock,4,3200000,2091480,1436731,800000,702698,0,0,799058,157046,251282,2731128,5082,8406420,,,,
1430778876.27757,information_schema,sql_parts,1,9,,,0,0,0,0,9,0,2,0,,,0,0,0,0
1430778876.27757,pg_catalog,pg_class,154,8683,12252,11075,122,324,101,68,316,0,33,13593,34,20041,,,,
1430778876.27757,pg_catalog,pg_seclabel,2,0,252,0,0,0,0,0,0,0,0,0,2,250,0,0,0,0
1430778876.27757,public,district,57555,4282720,243874,243847,80,131056,0,129470,80,16574,309,3216403,5,364519,,,,
1430778876.27757,pg_catalog,pg_ts_config_map,2,608,0,0,0,0,0,0,304,0,4,2,0,0,,,,
1430778876.27757,information_schema,sql_sizing,1,23,,,0,0,0,0,23,0,2,0,,,0,0,0,0
1430778876.27757,pg_toast,pg_toast_12339,0,0,0,0,0,0,0,0,0,0,0,0,0,0,,,,
1430778876.27757,information_schema,sql_packages,1,10,,,0,0,0,0,10,0,2,0,,,0,0,0,0
1430778876.27757,pg_toast,pg_toast_2606,0,0,0,0,0,0,0,0,0,0,0,0,0,0,,,,
1430778876.27757,pg_catalog,pg_pltemplate,50,400,0,0,0,0,0,0,8,0,50,25,0,0,,,,
1430778876.27757,pg_catalog,pg_auth_members,75,0,0,0,0,0,0,0,0,0,0,0,0,0,,,,
1430778876.27757,pg_catalog,pg_depend,3,20120,2731,2507,348,0,256,0,6672,256,103,3172,39,6884,,,,
1430778876.27757,public,warehouse,32744,202224,169849,169849,8,64067,0,62373,8,8577,163,2622631,2,171785,,,,
1430778876.27757,pg_toast,pg_toast_2604,0,0,0,0,0,0,0,0,0,0,0,0,0,0,,,,
1430778876.27757,pg_catalog,pg_shseclabel,50,0,25,0,0,0,0,0,0,0,0,0,25,0,,,,
1430778876.27757,information_schema,sql_features,1,672,,,0,0,0,0,672,0,14,0,,,0,0,0,0
1430778876.27757,pg_toast,pg_toast_12319,0,0,0,0,0,0,0,0,0,0,0,0,0,0,,,,
1430778876.27757,pg_catalog,pg_description,2,7372,252,0,0,0,0,0,3686,0,64,32,6,501,0,0,0,0
1430778876.27757,pg_catalog,pg_namespace,9,54,695,533,0,0,0,0,6,0,3,540,12,866,,,,
1430778876.27757,information_schema,sql_sizing_profiles,1,0,,,0,0,0,0,0,0,0,0,,,0,0,0,0
1430778876.27757,pg_catalog,pg_foreign_server,3,0,0,0,0,0,0,0,0,0,0,0,0,0,,,,
1430778936.20813,pg_catalog,pg_operator,3,2295,2933,19763,0,0,0,0,765,0,42,13730,20,6178,,,,
1430778936.20813,pg_catalog,pg_extension,3,3,0,0,0,0,0,0,1,0,2,2,0,0,,,,
1430778936.20813,pg_catalog,pg_authid,704,704,15153,15153,0,0,0,0,1,0,209,15673,700,29606,,,,
1430778936.20813,pg_catalog,pg_statistic,2,830,17305,17108,92,584,0,221,491,161,104,18713,14,35728,52,6471,4,4529
1430778936.20813,pg_catalog,pg_opfamily,3,258,0,0,0,0,0,0,86,0,4,4,0,0,,,,
1430778936.20813,pg_catalog,pg_shdescription,54,159,25,0,0,0,0,0,3,0,51,28,51,0,0,0,0,0
1430778936.20813,pg_catalog,pg_event_trigger,3,0,27,0,0,0,0,0,0,0,0,0,2,25,,,,
1430778936.20813,public,item,4,400000,1084913,1083872,100000,0,0,0,100000,0,3845,1091674,276,2174706,,,,
1430778936.20813,pg_catalog,pg_user_mapping,3,0,0,0,0,0,0,0,0,0,0,0,0,0,,,,
1430778936.20813,pg_catalog,pg_inherits,3,0,84,0,0,0,0,0,0,0,0,0,2,82,,,,
1430778936.20813,pg_toast,pg_toast_3596,0,0,0,0,0,0,0,0,0,0,0,0,0,0,,,,
1430778936.20813,pg_catalog,pg_rewrite,3,327,23,23,0,0,0,0,109,0,27,40,2,38,51,54,8,170
1430778936.20813,pg_catalog,pg_foreign_data_wrapper,3,0,0,0,0,0,0,0,0,0,0,0,0,0,,,,
1430778936.20813,pg_catalog,pg_largeobject_metadata,2,0,0,0,0,0,0,0,0,0,0,0,0,0,,,,
1430778936.20813,pg_catalog,pg_opclass,11,392,1632,20527,0,0,0,0,128,0,9,7871,12,1901,,,,
1430778936.20813,pg_catalog,pg_attrdef,3,0,0,0,0,0,0,0,0,0,0,0,0,0,0,0,0,0
1430778936.20813,pg_catalog,pg_default_acl,3,0,59,0,0,0,0,0,0,0,0,0,2,57,,,,
1430778936.20813,pg_catalog,pg_aggregate,2,266,165,165,0,0,0,0,133,0,5,166,2,248,,,,
1430778936.20813,pg_toast,pg_toast_12329,0,0,0,0,0,0,0,0,0,0,0,0,0,0,,,,
1430778936.20813,public,history,1,240000,,,339268,0,0,0,339069,0,9444,109647,,,,,,
1430778936.20813,public,new_order,4,288000,183080,171835,175310,0,79220,0,95018,851,1896,500563,1050,1016189,,,,
1430778936.20813,public,order_line,4,9112860,201191,2849949,3362087,877477,0,310024,3276324,697355,208192,4941175,16988,5599592,,,,
1430778936.20813,pg_catalog,pg_ts_dict,3,48,0,0,0,0,0,0,16,0,2,2,0,0,,,,
1430778936.20813,pg_catalog,pg_index,49,2371,4787,5535,27,0,17,0,123,17,13,4948,12,5159,,,,
1430778936.20813,pg_catalog,pg_tablespace,153,306,5763,5763,0,0,0,0,2,0,165,5776,315,11279,,,,
1430778936.20813,pg_toast,pg_toast_2619,0,0,4308,13486,132,0,71,0,61,71,52,6471,4,4529,,,,
1430778936.20813,pg_catalog,pg_constraint,5,50,8,0,8,0,0,0,10,0,6,33,8,64,0,0,0,0
1430778936.20813,pg_toast,pg_toast_2618,0,0,77,241,0,0,0,0,0,0,51,54,4,85,,,,
1430778936.20813,pg_catalog,pg_cast,3,594,13047,2919,0,0,0,0,198,0,6,2921,6,13168,,,,
1430778936.20813,pg_catalog,pg_ts_config,3,48,0,0,0,0,0,0,16,0,2,2,0,0,,,,
1430778936.20813,pg_catalog,pg_ts_parser,3,3,0,0,0,0,0,0,1,0,2,2,0,0,,,,
1430778936.20813,pg_toast,pg_toast_2620,0,0,0,0,0,0,0,0,0,0,0,0,0,0,,,,
1430778936.20813,pg_toast,pg_toast_2396,0,0,0,0,0,0,0,0,0,0,0,0,0,0,,,,
1430778936.20813,pg_catalog,pg_largeobject,2,0,0,0,0,0,0,0,0,0,0,0,0,0,,,,
1430778936.20813,pg_catalog,pg_enum,4,0,0,0,0,0,0,0,0,0,0,0,0,0,,,,
1430778936.20813,pg_catalog,pg_foreign_table,2,0,0,0,0,0,0,0,0,0,0,0,0,0,,,,
1430778936.20813,pg_catalog,pg_collation,3,1806,0,0,0,0,0,0,602,0,38,38,0,0,,,,
1430778936.20813,pg_catalog,pg_am,186,198,0,0,0,0,0,0,5,0,3,184,0,0,,,,
1430778936.20813,pg_catalog,pg_proc,3,8073,4023,5324,6,0,0,0,2691,0,168,4753,33,8441,0,0,0,0
1430778936.20813,pg_catalog,pg_shdepend,75,75,8502,2126,0,0,0,0,1,0,51,2175,204,8850,,,,
1430778936.20813,pg_catalog,pg_language,4,16,10,10,0,0,0,0,4,0,2,13,4,18,,,,
1430778936.20813,pg_catalog,pg_range,2,12,2,0,0,0,0,0,6,0,2,1,2,2,,,,
1430778936.20813,pg_catalog,pg_attribute,48,7898,13951,54373,1401,20,1219,1,2491,0,193,21384,57,33899,,,,
1430778936.20813,pg_catalog,pg_database,2685,10315,80997,80945,26,0,25,0,4,0,122,83634,892,98899,,,,
1430778936.20813,pg_catalog,pg_conversion,4,528,0,0,0,0,0,0,132,0,6,9,0,0,,,,
1430778936.20813,pg_catalog,pg_type,3,1093,5397,5038,173,0,151,0,361,0,34,5439,25,11504,,,,
1430778936.20813,pg_catalog,pg_trigger,4,0,0,0,0,0,0,0,0,0,0,0,0,0,0,0,0,0
1430778936.20813,information_schema,sql_implementation_info,1,12,,,0,0,0,0,12,0,2,0,,,0,0,0,0
1430778936.20813,information_schema,sql_languages,1,4,,,0,0,0,0,4,0,2,0,,,0,0,0,0
1430778936.20813,public,customer,6,1440000,467533,1171466,240000,190808,0,150520,239892,6638,157701,1558473,3428,1653618,,,,
1430778936.20813,pg_toast,pg_toast_12309,0,0,0,0,0,0,0,0,0,0,0,0,0,0,,,,
1430778936.20813,pg_toast,pg_toast_12334,0,0,0,0,0,0,0,0,0,0,0,0,0,0,,,,
1430778936.20813,pg_catalog,pg_amop,4,1744,1919,2554,0,0,0,0,436,0,12,2562,23,4071,,,,
1430778936.20813,pg_toast,pg_toast_1255,0,0,0,0,0,0,0,0,0,0,0,0,0,0,,,,
1430778936.20813,pg_toast,pg_toast_12314,0,0,0,0,0,0,0,0,0,0,0,0,0,0,,,,
1430778936.20813,pg_toast,pg_toast_12324,0,0,0,0,0,0,0,0,0,0,0,0,0,0,,,,
1430778936.20813,pg_catalog,pg_amproc,11,1048,1116,1675,0,0,0,0,344,0,9,1120,9,2395,,,,
1430778936.20813,public,orders,6,1440000,192195,200311,343310,91540,0,63686,342301,32916,7004,480916,3395,1368966,,,,
1430778936.20813,pg_toast,pg_toast_2964,0,0,0,0,0,0,0,0,0,0,0,0,0,0,,,,
1430778936.20813,pg_catalog,pg_ts_template,3,15,0,0,0,0,0,0,5,0,2,2,0,0,,,,
1430778936.20813,pg_catalog,pg_db_role_setting,75,0,37532,0,0,0,0,0,0,0,0,0,212,37320,0,0,0,0
1430778936.20813,pg_toast,pg_toast_2609,0,0,0,0,0,0,0,0,0,0,0,0,0,0,,,,
1430778936.20813,public,stock,4,3200000,3173498,2213058,800000,1083872,0,0,803353,221564,258430,4209140,5375,12812914,,,,
1430778936.20813,information_schema,sql_parts,1,9,,,0,0,0,0,9,0,2,0,,,0,0,0,0
1430778936.20813,pg_catalog,pg_class,175,11555,15595,14295,122,324,101,68,316,0,33,16950,34,24195,,,,
1430778936.20813,pg_catalog,pg_seclabel,2,0,252,0,0,0,0,0,0,0,0,0,2,250,0,0,0,0
1430778936.20813,public,district,57555,4282720,403966,403939,80,202578,0,200436,80,1171,380,3655340,6,691301,,,,
1430778936.20813,pg_catalog,pg_ts_config_map,2,608,0,0,0,0,0,0,304,0,4,2,0,0,,,,
1430778936.20813,information_schema,sql_sizing,1,23,,,0,0,0,0,23,0,2,0,,,0,0,0,0
1430778936.20813,pg_toast,pg_toast_12339,0,0,0,0,0,0,0,0,0,0,0,0,0,0,,,,
1430778936.20813,information_schema,sql_packages,1,10,,,0,0,0,0,10,0,2,0,,,0,0,0,0
1430778936.20813,pg_toast,pg_toast_2606,0,0,0,0,0,0,0,0,0,0,0,0,0,0,,,,
1430778936.20813,pg_catalog,pg_pltemplate,50,400,0,0,0,0,0,0,8,0,50,25,0,0,,,,
1430778936.20813,pg_catalog,pg_auth_members,75,0,0,0,0,0,0,0,0,0,0,0,0,0,,,,
1430778936.20813,pg_catalog,pg_depend,3,20120,2731,2507,348,0,256,0,6672,256,103,3172,39,6884,,,,
1430778936.20813,public,warehouse,32744,202224,276572,276572,8,99268,0,96823,8,2779,200,3687427,2,279340,,,,
1430778936.20813,pg_toast,pg_toast_2604,0,0,0,0,0,0,0,0,0,0,0,0,0,0,,,,
1430778936.20813,pg_catalog,pg_shseclabel,50,0,25,0,0,0,0,0,0,0,0,0,25,0,,,,
1430778936.20813,information_schema,sql_features,1,672,,,0,0,0,0,672,0,14,0,,,0,0,0,0
1430778936.20813,pg_toast,pg_toast_12319,0,0,0,0,0,0,0,0,0,0,0,0,0,0,,,,
1430778936.20813,pg_catalog,pg_description,2,7372,252,0,0,0,0,0,3686,0,64,32,6,501,0,0,0,0
1430778936.20813,pg_catalog,pg_namespace,11,66,834,667,0,0,0,0,6,0,3,676,12,1013,,,,
1430778936.20813,information_schema,sql_sizing_profiles,1,0,,,0,0,0,0,0,0,0,0,,,0,0,0,0
1430778936.20813,pg_catalog,pg_foreign_server,3,0,0,0,0,0,0,0,0,0,0,0,0,0,,,,
1430778996.2638,pg_catalog,pg_operator,3,2295,2956,19786,0,0,0,0,765,0,42,13753,20,6233,,,,
1430778996.2638,pg_catalog,pg_extension,3,3,0,0,0,0,0,0,1,0,2,2,0,0,,,,
1430778996.2638,pg_catalog,pg_authid,705,705,15164,15164,0,0,0,0,1,0,209,15685,700,29628,,,,
1430778996.2638,pg_catalog,pg_statistic,2,830,20696,20493,92,644,0,250,491,56,111,22347,14,42663,66,7798,4,5591
1430778996.2638,pg_catalog,pg_opfamily,3,258,0,0,0,0,0,0,86,0,4,4,0,0,,,,
1430778996.2638,pg_catalog,pg_shdescription,54,159,25,0,0,0,0,0,3,0,51,28,51,0,0,0,0,0
1430778996.2638,pg_catalog,pg_event_trigger,3,0,27,0,0,0,0,0,0,0,0,0,2,25,,,,
1430778996.2638,public,item,4,400000,1477507,1476127,100000,0,0,0,100000,0,3845,1483929,276,2961680,,,,
1430778996.2638,pg_catalog,pg_user_mapping,3,0,0,0,0,0,0,0,0,0,0,0,0,0,,,,
1430778996.2638,pg_catalog,pg_inherits,3,0,84,0,0,0,0,0,0,0,0,0,2,82,,,,
1430778996.2638,pg_toast,pg_toast_3596,0,0,0,0,0,0,0,0,0,0,0,0,0,0,,,,
1430778996.2638,pg_catalog,pg_rewrite,3,327,30,30,0,0,0,0,109,0,27,47,2,50,51,61,8,186
1430778996.2638,pg_catalog,pg_foreign_data_wrapper,3,0,0,0,0,0,0,0,0,0,0,0,0,0,,,,
1430778996.2638,pg_catalog,pg_largeobject_metadata,2,0,0,0,0,0,0,0,0,0,0,0,0,0,,,,
1430778996.2638,pg_catalog,pg_opclass,11,392,1669,20989,0,0,0,0,128,0,9,8032,12,1951,,,,
1430778996.2638,pg_catalog,pg_attrdef,3,0,0,0,0,0,0,0,0,0,0,0,0,0,0,0,0,0
1430778996.2638,pg_catalog,pg_default_acl,3,0,59,0,0,0,0,0,0,0,0,0,2,57,,,,
1430778996.2638,pg_catalog,pg_aggregate,2,266,166,166,0,0,0,0,133,0,5,167,2,250,,,,
1430778996.2638,pg_toast,pg_toast_12329,0,0,0,0,0,0,0,0,0,0,0,0,0,0,,,,
1430778996.2638,public,history,1,240000,,,374975,0,0,0,374773,0,9896,146335,,,,,,
1430778996.2638,public,new_order,4,288000,250300,234383,212668,0,107850,0,103414,6475,1896,863219,1219,1400061,,,,
1430778996.2638,public,order_line,4,9112860,275164,3914884,3754342,1230104,0,542536,3665345,874821,214493,6370234,20351,7372646,,,,
1430778996.2638,pg_catalog,pg_ts_dict,3,48,0,0,0,0,0,0,16,0,2,2,0,0,,,,
1430778996.2638,pg_catalog,pg_index,54,2986,5557,6401,27,0,17,0,123,17,13,5733,12,5944,,,,
1430778996.2638,pg_catalog,pg_tablespace,153,306,5768,5768,0,0,0,0,2,0,165,5781,315,11289,,,,
1430778996.2638,pg_toast,pg_toast_2619,0,0,5236,15430,184,0,123,0,70,52,66,7798,4,5591,,,,
1430778996.2638,pg_catalog,pg_constraint,5,50,8,0,8,0,0,0,10,0,6,33,8,64,0,0,0,0
1430778996.2638,pg_toast,pg_toast_2618,0,0,82,257,0,0,0,0,0,0,51,61,4,93,,,,
1430778996.2638,pg_catalog,pg_cast,3,594,13230,2967,0,0,0,0,198,0,6,2969,6,13357,,,,
1430778996.2638,pg_catalog,pg_ts_config,3,48,0,0,0,0,0,0,16,0,2,2,0,0,,,,
1430778996.2638,pg_catalog,pg_ts_parser,3,3,0,0,0,0,0,0,1,0,2,2,0,0,,,,
1430778996.2638,pg_toast,pg_toast_2620,0,0,0,0,0,0,0,0,0,0,0,0,0,0,,,,
1430778996.2638,pg_toast,pg_toast_2396,0,0,0,0,0,0,0,0,0,0,0,0,0,0,,,,
1430778996.2638,pg_catalog,pg_largeobject,2,0,0,0,0,0,0,0,0,0,0,0,0,0,,,,
1430778996.2638,pg_catalog,pg_enum,4,0,0,0,0,0,0,0,0,0,0,0,0,0,,,,
1430778996.2638,pg_catalog,pg_foreign_table,2,0,0,0,0,0,0,0,0,0,0,0,0,0,,,,
1430778996.2638,pg_catalog,pg_collation,3,1806,0,0,0,0,0,0,602,0,38,38,0,0,,,,
1430778996.2638,pg_catalog,pg_am,195,207,0,0,0,0,0,0,5,0,3,193,0,0,,,,
1430778996.2638,pg_catalog,pg_proc,3,8073,4101,5437,6,0,0,0,2691,0,168,4846,33,8607,0,0,0,0
1430778996.2638,pg_catalog,pg_shdepend,75,75,8502,2126,0,0,0,0,1,0,51,2175,204,8850,,,,
1430778996.2638,pg_catalog,pg_language,4,16,10,10,0,0,0,0,4,0,2,13,4,18,,,,
1430778996.2638,pg_catalog,pg_range,2,12,2,0,0,0,0,0,6,0,2,1,2,2,,,,
1430778996.2638,pg_catalog,pg_attribute,48,7898,15751,65636,1401,20,1219,1,2491,0,193,24110,57,37510,,,,
1430778996.2638,pg_catalog,pg_database,2688,10327,81105,81053,26,0,25,0,4,0,122,83745,892,99021,,,,
1430778996.2638,pg_catalog,pg_conversion,4,528,0,0,0,0,0,0,132,0,6,9,0,0,,,,
1430778996.2638,pg_catalog,pg_type,3,1093,5496,5137,173,0,151,0,361,0,34,5538,25,11708,,,,
1430778996.2638,pg_catalog,pg_trigger,4,0,0,0,0,0,0,0,0,0,0,0,0,0,0,0,0,0
1430778996.2638,information_schema,sql_implementation_info,1,12,,,0,0,0,0,12,0,2,0,,,0,0,0,0
1430778996.2638,information_schema,sql_languages,1,4,,,0,0,0,0,4,0,2,0,,,0,0,0,0
1430778996.2638,public,customer,6,1440000,636906,1526482,240000,260125,0,214840,239892,14597,157710,2123679,3428,2199110,,,,
1430778996.2638,pg_toast,pg_toast_12309,0,0,0,0,0,0,0,0,0,0,0,0,0,0,,,,
1430778996.2638,pg_toast,pg_toast_12334,0,0,0,0,0,0,0,0,0,0,0,0,0,0,,,,
1430778996.2638,pg_catalog,pg_amop,4,1744,1976,2620,0,0,0,0,436,0,12,2628,23,4195,,,,
1430778996.2638,pg_toast,pg_toast_1255,0,0,0,0,0,0,0,0,0,0,0,0,0,0,,,,
1430778996.2638,pg_toast,pg_toast_12314,0,0,0,0,0,0,0,0,0,0,0,0,0,0,,,,
1430778996.2638,pg_toast,pg_toast_12324,0,0,0,0,0,0,0,0,0,0,0,0,0,0,,,,
1430778996.2638,pg_catalog,pg_amproc,11,1048,1149,1720,0,0,0,0,344,0,9,1150,9,2470,,,,
1430778996.2638,public,orders,6,1440000,262885,278983,380668,125150,0,91257,379351,38695,7405,649930,3828,1843522,,,,
1430778996.2638,pg_toast,pg_toast_2964,0,0,0,0,0,0,0,0,0,0,0,0,0,0,,,,
1430778996.2638,pg_catalog,pg_ts_template,3,15,0,0,0,0,0,0,5,0,2,2,0,0,,,,
1430778996.2638,pg_catalog,pg_db_role_setting,75,0,37560,0,0,0,0,0,0,0,0,0,212,37348,0,0,0,0
1430778996.2638,pg_toast,pg_toast_2609,0,0,0,0,0,0,0,0,0,0,0,0,0,0,,,,
1430778996.2638,public,stock,4,3200000,4283230,3012052,800000,1476127,0,0,805741,235952,263698,5632436,5488,17336447,,,,
1430778996.2638,information_schema,sql_parts,1,9,,,0,0,0,0,9,0,2,0,,,0,0,0,0
1430778996.2638,pg_catalog,pg_class,185,14416,18872,17449,122,324,101,68,316,0,33,20208,34,28202,,,,
1430778996.2638,pg_catalog,pg_seclabel,2,0,252,0,0,0,0,0,0,0,0,0,2,250,0,0,0,0
1430778996.2638,public,district,57555,4282720,567868,567841,80,275643,0,273140,80,2514,380,4043194,6,1025486,,,,
1430778996.2638,pg_catalog,pg_ts_config_map,2,608,0,0,0,0,0,0,304,0,4,2,0,0,,,,
1430778996.2638,information_schema,sql_sizing,1,23,,,0,0,0,0,23,0,2,0,,,0,0,0,0
1430778996.2638,pg_toast,pg_toast_12339,0,0,0,0,0,0,0,0,0,0,0,0,0,0,,,,
1430778996.2638,information_schema,sql_packages,1,10,,,0,0,0,0,10,0,2,0,,,0,0,0,0
1430778996.2638,pg_toast,pg_toast_2606,0,0,0,0,0,0,0,0,0,0,0,0,0,0,,,,
1430778996.2638,pg_catalog,pg_pltemplate,50,400,0,0,0,0,0,0,8,0,50,25,0,0,,,,
1430778996.2638,pg_catalog,pg_auth_members,75,0,0,0,0,0,0,0,0,0,0,0,0,0,,,,
1430778996.2638,pg_catalog,pg_depend,3,20120,2731,2507,348,0,256,0,6672,256,103,3172,39,6884,,,,
1430778996.2638,public,warehouse,32744,202224,385344,385344,8,134975,0,131756,8,2350,200,4540022,2,388967,,,,
1430778996.2638,pg_toast,pg_toast_2604,0,0,0,0,0,0,0,0,0,0,0,0,0,0,,,,
1430778996.2638,pg_catalog,pg_shseclabel,50,0,25,0,0,0,0,0,0,0,0,0,25,0,,,,
1430778996.2638,information_schema,sql_features,1,672,,,0,0,0,0,672,0,14,0,,,0,0,0,0
1430778996.2638,pg_toast,pg_toast_12319,0,0,0,0,0,0,0,0,0,0,0,0,0,0,,,,
1430778996.2638,pg_catalog,pg_description,2,7372,252,0,0,0,0,0,3686,0,64,32,6,501,0,0,0,0
1430778996.2638,pg_catalog,pg_namespace,13,78,975,803,0,0,0,0,6,0,3,814,12,1162,,,,
1430778996.2638,information_schema,sql_sizing_profiles,1,0,,,0,0,0,0,0,0,0,0,,,0,0,0,0
1430778996.2638,pg_catalog,pg_foreign_server,3,0,0,0,0,0,0,0,0,0,0,0,0,0,,,,
1430779056.27553,pg_catalog,pg_operator,3,2295,2973,19803,0,0,0,0,765,0,42,13770,20,6275,,,,
1430779056.27553,pg_catalog,pg_extension,3,3,0,0,0,0,0,0,1,0,2,2,0,0,,,,
1430779056.27553,pg_catalog,pg_authid,706,706,15174,15174,0,0,0,0,1,0,209,15696,700,29648,,,,
1430779056.27553,pg_catalog,pg_statistic,2,830,21441,21232,92,644,0,250,491,52,111,23086,14,44158,66,7798,4,5591
1430779056.27553,pg_catalog,pg_opfamily,3,258,0,0,0,0,0,0,86,0,4,4,0,0,,,,
1430779056.27553,pg_catalog,pg_shdescription,54,159,25,0,0,0,0,0,3,0,51,28,51,0,0,0,0,0
1430779056.27553,pg_catalog,pg_event_trigger,3,0,27,0,0,0,0,0,0,0,0,0,2,25,,,,
1430779056.27553,public,item,4,400000,1870102,1868346,100000,0,0,0,100000,0,3845,1876148,276,3748705,,,,
1430779056.27553,pg_catalog,pg_user_mapping,3,0,0,0,0,0,0,0,0,0,0,0,0,0,,,,
1430779056.27553,pg_catalog,pg_inherits,3,0,84,0,0,0,0,0,0,0,0,0,2,82,,,,
1430779056.27553,pg_toast,pg_toast_3596,0,0,0,0,0,0,0,0,0,0,0,0,0,0,,,,
1430779056.27553,pg_catalog,pg_rewrite,3,327,37,37,0,0,0,0,109,0,27,54,2,62,51,68,8,202
1430779056.27553,pg_catalog,pg_foreign_data_wrapper,3,0,0,0,0,0,0,0,0,0,0,0,0,0,,,,
1430779056.27553,pg_catalog,pg_largeobject_metadata,2,0,0,0,0,0,0,0,0,0,0,0,0,0,,,,
1430779056.27553,pg_catalog,pg_opclass,11,392,1684,21171,0,0,0,0,128,0,9,8099,12,1973,,,,
1430779056.27553,pg_catalog,pg_attrdef,3,0,0,0,0,0,0,0,0,0,0,0,0,0,0,0,0,0
1430779056.27553,pg_catalog,pg_default_acl,3,0,59,0,0,0,0,0,0,0,0,0,2,57,,,,
1430779056.27553,pg_catalog,pg_aggregate,2,266,167,167,0,0,0,0,133,0,5,168,2,252,,,,
1430779056.27553,pg_toast,pg_toast_12329,0,0,0,0,0,0,0,0,0,0,0,0,0,0,,,,
1430779056.27553,public,history,1,240000,,,410445,0,0,0,410243,0,10278,182569,,,,,,
1430779056.27553,public,new_order,4,288000,316020,295634,250122,0,135940,0,112402,34941,1896,1237960,1308,1805617,,,,
1430779056.27553,public,order_line,4,9112860,347581,4976219,4146561,1575860,0,768597,4053958,1051042,220550,7783059,23611,9139942,,,,
1430779056.27553,pg_catalog,pg_ts_dict,3,48,0,0,0,0,0,0,16,0,2,2,0,0,,,,
1430779056.27553,pg_catalog,pg_index,59,3601,5824,6681,27,0,17,0,123,17,13,6015,12,6220,,,,
1430779056.27553,pg_catalog,pg_tablespace,153,306,5773,5773,0,0,0,0,2,0,165,5786,315,11299,,,,
1430779056.27553,pg_toast,pg_toast_2619,0,0,5236,15430,184,0,123,0,70,52,66,7798,4,5591,,,,
1430779056.27553,pg_catalog,pg_constraint,5,50,8,0,8,0,0,0,10,0,6,33,8,64,0,0,0,0
1430779056.27553,pg_toast,pg_toast_2618,0,0,87,273,0,0,0,0,0,0,51,68,4,101,,,,
1430779056.27553,pg_catalog,pg_cast,3,594,13299,2995,0,0,0,0,198,0,6,2997,6,13431,,,,
1430779056.27553,pg_catalog,pg_ts_config,3,48,0,0,0,0,0,0,16,0,2,2,0,0,,,,
1430779056.27553,pg_catalog,pg_ts_parser,3,3,0,0,0,0,0,0,1,0,2,2,0,0,,,,
1430779056.27553,pg_toast,pg_toast_2620,0,0,0,0,0,0,0,0,0,0,0,0,0,0,,,,
1430779056.27553,pg_toast,pg_toast_2396,0,0,0,0,0,0,0,0,0,0,0,0,0,0,,,,
1430779056.27553,pg_catalog,pg_largeobject,2,0,0,0,0,0,0,0,0,0,0,0,0,0,,,,
1430779056.27553,pg_catalog,pg_enum,4,0,0,0,0,0,0,0,0,0,0,0,0,0,,,,
1430779056.27553,pg_catalog,pg_foreign_table,2,0,0,0,0,0,0,0,0,0,0,0,0,0,,,,
1430779056.27553,pg_catalog,pg_collation,3,1806,0,0,0,0,0,0,602,0,38,38,0,0,,,,
1430779056.27553,pg_catalog,pg_am,199,211,0,0,0,0,0,0,5,0,3,197,0,0,,,,
1430779056.27553,pg_catalog,pg_proc,3,8073,4179,5550,6,0,0,0,2691,0,168,4939,33,8773,0,0,0,0
1430779056.27553,pg_catalog,pg_shdepend,75,75,8502,2126,0,0,0,0,1,0,51,2175,204,8850,,,,
1430779056.27553,pg_catalog,pg_language,4,16,10,10,0,0,0,0,4,0,2,13,4,18,,,,
1430779056.27553,pg_catalog,pg_range,2,12,2,0,0,0,0,0,6,0,2,1,2,2,,,,
1430779056.27553,pg_catalog,pg_attribute,48,7898,16336,68986,1401,20,1219,1,2491,0,193,25159,57,38686,,,,
1430779056.27553,pg_catalog,pg_database,2690,10335,81208,81156,26,0,25,0,4,0,122,83850,892,99136,,,,
1430779056.27553,pg_catalog,pg_conversion,4,528,0,0,0,0,0,0,132,0,6,9,0,0,,,,
1430779056.27553,pg_catalog,pg_type,3,1093,5588,5229,173,0,151,0,361,0,34,5630,25,11897,,,,
1430779056.27553,pg_catalog,pg_trigger,4,0,0,0,0,0,0,0,0,0,0,0,0,0,0,0,0,0
1430779056.27553,information_schema,sql_implementation_info,1,12,,,0,0,0,0,12,0,2,0,,,0,0,0,0
1430779056.27553,information_schema,sql_languages,1,4,,,0,0,0,0,4,0,2,0,,,0,0,0,0
1430779056.27553,public,customer,6,1440000,804859,1934767,240000,328455,0,277794,239892,23461,157712,2651843,3436,2739198,,,,
1430779056.27553,pg_toast,pg_toast_12309,0,0,0,0,0,0,0,0,0,0,0,0,0,0,,,,
1430779056.27553,pg_toast,pg_toast_12334,0,0,0,0,0,0,0,0,0,0,0,0,0,0,,,,
1430779056.27553,pg_catalog,pg_amop,4,1744,2009,2661,0,0,0,0,436,0,12,2669,23,4269,,,,
1430779056.27553,pg_toast,pg_toast_1255,0,0,0,0,0,0,0,0,0,0,0,0,0,0,,,,
1430779056.27553,pg_toast,pg_toast_12314,0,0,0,0,0,0,0,0,0,0,0,0,0,0,,,,
1430779056.27553,pg_toast,pg_toast_12324,0,0,0,0,0,0,0,0,0,0,0,0,0,0,,,,
1430779056.27553,pg_catalog,pg_amproc,11,1048,1163,1741,0,0,0,0,344,0,9,1164,9,2502,,,,
1430779056.27553,public,orders,6,1440000,331954,357037,418122,158010,0,118297,416429,47433,7737,813825,4216,2312208,,,,
1430779056.27553,pg_toast,pg_toast_2964,0,0,0,0,0,0,0,0,0,0,0,0,0,0,,,,
1430779056.27553,pg_catalog,pg_ts_template,3,15,0,0,0,0,0,0,5,0,2,2,0,0,,,,
1430779056.27553,pg_catalog,pg_db_role_setting,75,0,37584,0,0,0,0,0,0,0,0,0,212,37372,0,0,0,0
1430779056.27553,pg_toast,pg_toast_2609,0,0,0,0,0,0,0,0,0,0,0,0,0,0,,,,
1430779056.27553,public,stock,4,3200000,5404096,3812153,800000,1868346,0,0,800253,89406,264080,6924741,5579,21887732,,,,
1430779056.27553,information_schema,sql_parts,1,9,,,0,0,0,0,9,0,2,0,,,0,0,0,0
1430779056.27553,pg_catalog,pg_class,191,16312,20025,18479,122,324,101,68,316,0,33,21287,34,29607,,,,
1430779056.27553,pg_catalog,pg_seclabel,2,0,252,0,0,0,0,0,0,0,0,0,2,250,0,0,0,0
1430779056.27553,public,district,57555,4282720,732727,732700,80,348567,0,345672,80,11062,380,4529486,6,1361615,,,,
1430779056.27553,pg_catalog,pg_ts_config_map,2,608,0,0,0,0,0,0,304,0,4,2,0,0,,,,
1430779056.27553,information_schema,sql_sizing,1,23,,,0,0,0,0,23,0,2,0,,,0,0,0,0
1430779056.27553,pg_toast,pg_toast_12339,0,0,0,0,0,0,0,0,0,0,0,0,0,0,,,,
1430779056.27553,information_schema,sql_packages,1,10,,,0,0,0,0,10,0,2,0,,,0,0,0,0
1430779056.27553,pg_toast,pg_toast_2606,0,0,0,0,0,0,0,0,0,0,0,0,0,0,,,,
1430779056.27553,pg_catalog,pg_pltemplate,50,400,0,0,0,0,0,0,8,0,50,25,0,0,,,,
1430779056.27553,pg_catalog,pg_auth_members,75,0,0,0,0,0,0,0,0,0,0,0,0,0,,,,
1430779056.27553,pg_catalog,pg_depend,3,20120,2731,2507,348,0,256,0,6672,256,103,3172,39,6884,,,,
1430779056.27553,public,warehouse,32744,202224,493738,493738,8,170445,0,166450,8,6011,200,5408728,2,498217,,,,
1430779056.27553,pg_toast,pg_toast_2604,0,0,0,0,0,0,0,0,0,0,0,0,0,0,,,,
1430779056.27553,pg_catalog,pg_shseclabel,50,0,25,0,0,0,0,0,0,0,0,0,25,0,,,,
1430779056.27553,information_schema,sql_features,1,672,,,0,0,0,0,672,0,14,0,,,0,0,0,0
1430779056.27553,pg_toast,pg_toast_12319,0,0,0,0,0,0,0,0,0,0,0,0,0,0,,,,
1430779056.27553,pg_catalog,pg_description,2,7372,252,0,0,0,0,0,3686,0,64,32,6,501,0,0,0,0
1430779056.27553,pg_catalog,pg_namespace,15,90,1113,936,0,0,0,0,6,0,3,949,12,1307,,,,
1430779056.27553,information_schema,sql_sizing_profiles,1,0,,,0,0,0,0,0,0,0,0,,,0,0,0,0
1430779056.27553,pg_catalog,pg_foreign_server,3,0,0,0,0,0,0,0,0,0,0,0,0,0,,,,
1430779116.29324,pg_catalog,pg_operator,3,2295,2998,19828,0,0,0,0,765,0,42,13795,20,6336,,,,
1430779116.29324,pg_catalog,pg_extension,3,3,0,0,0,0,0,0,1,0,2,2,0,0,,,,
1430779116.29324,pg_catalog,pg_authid,707,707,15185,15185,0,0,0,0,1,0,209,15708,700,29670,,,,
1430779116.29324,pg_catalog,pg_statistic,2,830,27154,26939,92,713,0,294,491,97,111,28948,14,55641,66,10541,4,7500
1430779116.29324,pg_catalog,pg_opfamily,3,258,0,0,0,0,0,0,86,0,4,4,0,0,,,,
1430779116.29324,pg_catalog,pg_shdescription,54,159,25,0,0,0,0,0,3,0,51,28,51,0,0,0,0,0
1430779116.29324,pg_catalog,pg_event_trigger,3,0,27,0,0,0,0,0,0,0,0,0,2,25,,,,
1430779116.29324,public,item,4,400000,2240620,2238493,100000,0,0,0,100000,0,3845,2246295,276,4491482,,,,
1430779116.29324,pg_catalog,pg_user_mapping,3,0,0,0,0,0,0,0,0,0,0,0,0,0,,,,
1430779116.29324,pg_catalog,pg_inherits,3,0,84,0,0,0,0,0,0,0,0,0,2,82,,,,
1430779116.29324,pg_toast,pg_toast_3596,0,0,0,0,0,0,0,0,0,0,0,0,0,0,,,,
1430779116.29324,pg_catalog,pg_rewrite,3,327,45,45,0,0,0,0,109,0,27,62,2,76,51,75,8,218
1430779116.29324,pg_catalog,pg_foreign_data_wrapper,3,0,0,0,0,0,0,0,0,0,0,0,0,0,,,,
1430779116.29324,pg_catalog,pg_largeobject_metadata,2,0,0,0,0,0,0,0,0,0,0,0,0,0,,,,
1430779116.29324,pg_catalog,pg_opclass,11,392,1722,21715,0,0,0,0,128,0,9,8289,12,2024,,,,
1430779116.29324,pg_catalog,pg_attrdef,3,0,0,0,0,0,0,0,0,0,0,0,0,0,0,0,0,0
1430779116.29324,pg_catalog,pg_default_acl,3,0,59,0,0,0,0,0,0,0,0,0,2,57,,,,
1430779116.29324,pg_catalog,pg_aggregate,2,266,168,168,0,0,0,0,133,0,5,169,2,254,,,,
1430779116.29324,pg_toast,pg_toast_12329,0,0,0,0,0,0,0,0,0,0,0,0,0,0,,,,
1430779116.29324,public,history,1,240000,,,444585,0,0,0,444383,0,10664,217481,,,,,,
1430779116.29324,public,new_order,4,288000,379760,354756,285431,0,162890,0,120386,24740,1896,1958100,1391,2201921,,,,
1430779116.29324,public,order_line,4,9112860,417610,5997212,4516708,1911148,0,961131,3607682,201230,224731,9272486,26622,10902761,,,,
1430779116.29324,pg_catalog,pg_ts_dict,3,48,0,0,0,0,0,0,16,0,2,2,0,0,,,,
1430779116.29324,pg_catalog,pg_index,64,4216,6769,7803,27,0,17,0,123,17,13,6975,12,7180,,,,
1430779116.29324,pg_catalog,pg_tablespace,153,306,5778,5778,0,0,0,0,2,0,165,5791,315,11309,,,,
1430779116.29324,pg_toast,pg_toast_2619,0,0,7092,20798,236,0,175,0,70,104,66,10541,4,7500,,,,
1430779116.29324,pg_catalog,pg_constraint,5,50,8,0,8,0,0,0,10,0,6,33,8,64,0,0,0,0
1430779116.29324,pg_toast,pg_toast_2618,0,0,92,289,0,0,0,0,0,0,51,75,4,109,,,,
1430779116.29324,pg_catalog,pg_cast,3,594,13511,3049,0,0,0,0,198,0,6,3051,6,13650,,,,
1430779116.29324,pg_catalog,pg_ts_config,3,48,0,0,0,0,0,0,16,0,2,2,0,0,,,,
1430779116.29324,pg_catalog,pg_ts_parser,3,3,0,0,0,0,0,0,1,0,2,2,0,0,,,,
1430779116.29324,pg_toast,pg_toast_2620,0,0,0,0,0,0,0,0,0,0,0,0,0,0,,,,
1430779116.29324,pg_toast,pg_toast_2396,0,0,0,0,0,0,0,0,0,0,0,0,0,0,,,,
1430779116.29324,pg_catalog,pg_largeobject,2,0,0,0,0,0,0,0,0,0,0,0,0,0,,,,
1430779116.29324,pg_catalog,pg_enum,4,0,0,0,0,0,0,0,0,0,0,0,0,0,,,,
1430779116.29324,pg_catalog,pg_foreign_table,2,0,0,0,0,0,0,0,0,0,0,0,0,0,,,,
1430779116.29324,pg_catalog,pg_collation,3,1806,0,0,0,0,0,0,602,0,38,38,0,0,,,,
1430779116.29324,pg_catalog,pg_am,207,219,0,0,0,0,0,0,5,0,3,205,0,0,,,,
1430779116.29324,pg_catalog,pg_proc,3,8073,4263,5676,6,0,0,0,2691,0,168,5041,33,8953,0,0,0,0
1430779116.29324,pg_catalog,pg_shdepend,75,75,8502,2126,0,0,0,0,1,0,51,2175,204,8850,,,,
1430779116.29324,pg_catalog,pg_language,4,16,10,10,0,0,0,0,4,0,2,13,4,18,,,,
1430779116.29324,pg_catalog,pg_range,2,12,2,0,0,0,0,0,6,0,2,1,2,2,,,,
1430779116.29324,pg_catalog,pg_attribute,48,7898,18241,81627,1401,20,1219,1,2491,0,193,28252,57,42506,,,,
1430779116.29324,pg_catalog,pg_database,2693,10347,81317,81265,26,0,25,0,4,0,122,83962,892,99259,,,,
1430779116.29324,pg_catalog,pg_conversion,4,528,0,0,0,0,0,0,132,0,6,9,0,0,,,,
1430779116.29324,pg_catalog,pg_type,3,1093,5707,5348,173,0,151,0,361,0,34,5749,25,12142,,,,
1430779116.29324,pg_catalog,pg_trigger,4,0,0,0,0,0,0,0,0,0,0,0,0,0,0,0,0,0
1430779116.29324,information_schema,sql_implementation_info,1,12,,,0,0,0,0,12,0,2,0,,,0,0,0,0
1430779116.29324,information_schema,sql_languages,1,4,,,0,0,0,0,4,0,2,0,,,0,0,0,0
1430779116.29324,public,customer,6,1440000,965766,2340979,240000,394465,0,334728,239967,36697,157712,3215586,3463,3280384,,,,
1430779116.29324,pg_toast,pg_toast_12309,0,0,0,0,0,0,0,0,0,0,0,0,0,0,,,,
1430779116.29324,pg_toast,pg_toast_12334,0,0,0,0,0,0,0,0,0,0,0,0,0,0,,,,
1430779116.29324,pg_catalog,pg_amop,4,1744,2076,2739,0,0,0,0,436,0,12,2747,23,4415,,,,
1430779116.29324,pg_toast,pg_toast_1255,0,0,0,0,0,0,0,0,0,0,0,0,0,0,,,,
1430779116.29324,pg_toast,pg_toast_12314,0,0,0,0,0,0,0,0,0,0,0,0,0,0,,,,
1430779116.29324,pg_toast,pg_toast_12324,0,0,0,0,0,0,0,0,0,0,0,0,0,0,,,,
1430779116.29324,pg_catalog,pg_amproc,11,1048,1196,1784,0,0,0,0,344,0,9,1194,9,2576,,,,
1430779116.29324,public,orders,6,1440000,398823,434080,453431,189880,0,140796,451366,58138,8123,986440,4704,2783097,,,,
1430779116.29324,pg_toast,pg_toast_2964,0,0,0,0,0,0,0,0,0,0,0,0,0,0,,,,
1430779116.29324,pg_catalog,pg_ts_template,3,15,0,0,0,0,0,0,5,0,2,2,0,0,,,,
1430779116.29324,pg_catalog,pg_db_role_setting,75,0,37612,0,0,0,0,0,0,0,0,0,212,37400,0,0,0,0
1430779116.29324,pg_toast,pg_toast_2609,0,0,0,0,0,0,0,0,0,0,0,0,0,0,,,,
1430779116.29324,public,stock,4,3200000,6463433,4566831,800000,2238493,0,0,799873,211435,266520,8468353,5627,26192933,,,,
1430779116.29324,information_schema,sql_parts,1,9,,,0,0,0,0,9,0,2,0,,,0,0,0,0
1430779116.29324,pg_catalog,pg_class,202,19489,23743,22074,122,324,101,68,316,0,33,24989,34,34234,,,,
1430779116.29324,pg_catalog,pg_seclabel,2,0,252,0,0,0,0,0,0,0,0,0,2,250,0,0,0,0
1430779116.29324,public,district,57555,4282720,889178,889151,80,418016,0,413972,78,18829,380,5113070,6,1682397,,,,
1430779116.29324,pg_catalog,pg_ts_config_map,2,608,0,0,0,0,0,0,304,0,4,2,0,0,,,,
1430779116.29324,information_schema,sql_sizing,1,23,,,0,0,0,0,23,0,2,0,,,0,0,0,0
1430779116.29324,pg_toast,pg_toast_12339,0,0,0,0,0,0,0,0,0,0,0,0,0,0,,,,
1430779116.29324,information_schema,sql_packages,1,10,,,0,0,0,0,10,0,2,0,,,0,0,0,0
1430779116.29324,pg_toast,pg_toast_2606,0,0,0,0,0,0,0,0,0,0,0,0,0,0,,,,
1430779116.29324,pg_catalog,pg_pltemplate,50,400,0,0,0,0,0,0,8,0,50,25,0,0,,,,
1430779116.29324,pg_catalog,pg_auth_members,75,0,0,0,0,0,0,0,0,0,0,0,0,0,,,,
1430779116.29324,pg_catalog,pg_depend,3,20120,2731,2507,348,0,256,0,6672,256,103,3172,39,6884,,,,
1430779116.29324,public,warehouse,32744,202224,597327,597327,8,204585,0,199837,8,9635,200,6585848,2,602640,,,,
1430779116.29324,pg_toast,pg_toast_2604,0,0,0,0,0,0,0,0,0,0,0,0,0,0,,,,
1430779116.29324,pg_catalog,pg_shseclabel,50,0,25,0,0,0,0,0,0,0,0,0,25,0,,,,
1430779116.29324,information_schema,sql_features,1,672,,,0,0,0,0,672,0,14,0,,,0,0,0,0
1430779116.29324,pg_toast,pg_toast_12319,0,0,0,0,0,0,0,0,0,0,0,0,0,0,,,,
1430779116.29324,pg_catalog,pg_description,2,7372,252,0,0,0,0,0,3686,0,64,32,6,501,0,0,0,0
1430779116.29324,pg_catalog,pg_namespace,17,102,1255,1072,0,0,0,0,6,0,3,1087,12,1458,,,,
1430779116.29324,information_schema,sql_sizing_profiles,1,0,,,0,0,0,0,0,0,0,0,,,0,0,0,0
1430779116.29324,pg_catalog,pg_foreign_server,3,0,0,0,0,0,0,0,0,0,0,0,0,0,,,,
1430779176.28486,pg_catalog,pg_operator,3,2295,3031,19861,0,0,0,0,765,0,42,13828,20,6411,,,,
1430779176.28486,pg_catalog,pg_extension,3,3,0,0,0,0,0,0,1,0,2,2,0,0,,,,
1430779176.28486,pg_catalog,pg_authid,708,708,15197,15197,0,0,0,0,1,0,209,15721,700,29694,,,,
1430779176.28486,pg_catalog,pg_statistic,2,830,35225,35004,92,858,0,396,491,35,111,37391,14,71961,66,13660,4,9524
1430779176.28486,pg_catalog,pg_opfamily,3,258,0,0,0,0,0,0,86,0,4,4,0,0,,,,
1430779176.28486,pg_catalog,pg_shdescription,54,159,25,0,0,0,0,0,3,0,51,28,51,0,0,0,0,0
1430779176.28486,pg_catalog,pg_event_trigger,3,0,27,0,0,0,0,0,0,0,0,0,2,25,,,,
1430779176.28486,public,item,4,400000,2619857,2617386,100000,0,0,0,100000,0,3845,2625188,276,5251740,,,,
1430779176.28486,pg_catalog,pg_user_mapping,3,0,0,0,0,0,0,0,0,0,0,0,0,0,,,,
1430779176.28486,pg_catalog,pg_inherits,3,0,84,0,0,0,0,0,0,0,0,0,2,82,,,,
1430779176.28486,pg_toast,pg_toast_3596,0,0,0,0,0,0,0,0,0,0,0,0,0,0,,,,
1430779176.28486,pg_catalog,pg_rewrite,3,327,51,51,0,0,0,0,109,0,27,68,2,86,51,82,8,234
1430779176.28486,pg_catalog,pg_foreign_data_wrapper,3,0,0,0,0,0,0,0,0,0,0,0,0,0,,,,
1430779176.28486,pg_catalog,pg_largeobject_metadata,2,0,0,0,0,0,0,0,0,0,0,0,0,0,,,,
1430779176.28486,pg_catalog,pg_opclass,15,396,1786,22639,0,0,0,0,128,0,9,8597,12,2098,,,,
1430779176.28486,pg_catalog,pg_attrdef,3,0,0,0,0,0,0,0,0,0,0,0,0,0,0,0,0,0
1430779176.28486,pg_catalog,pg_default_acl,3,0,59,0,0,0,0,0,0,0,0,0,2,57,,,,
1430779176.28486,pg_catalog,pg_aggregate,2,266,169,169,0,0,0,0,133,0,5,170,2,256,,,,
1430779176.28486,pg_toast,pg_toast_12329,0,0,0,0,0,0,0,0,0,0,0,0,0,0,,,,
1430779176.28486,public,history,1,240000,,,478794,0,0,0,478322,0,16243,256557,,,,,,
1430779176.28486,public,new_order,4,288000,442980,413478,321556,0,189700,0,129401,5241,2051,2452399,1607,2643382,,,,
1430779176.28486,public,order_line,4,9112860,487353,7020999,4895601,2243231,0,1183223,4700805,446308,246207,10767540,31659,12617633,,,,
1430779176.28486,pg_catalog,pg_ts_dict,3,48,0,0,0,0,0,0,16,0,2,2,0,0,,,,
1430779176.28486,pg_catalog,pg_index,83,4845,8115,9320,27,0,17,0,123,17,13,8356,12,8538,,,,
1430779176.28486,pg_catalog,pg_tablespace,153,306,5783,5783,0,0,0,0,2,0,165,5796,315,11319,,,,
1430779176.28486,pg_toast,pg_toast_2619,0,0,8927,26142,341,0,279,0,71,79,66,13660,4,9524,,,,
1430779176.28486,pg_catalog,pg_constraint,5,50,8,0,8,0,0,0,10,0,6,33,8,64,0,0,0,0
1430779176.28486,pg_toast,pg_toast_2618,0,0,97,305,0,0,0,0,0,0,51,82,4,117,,,,
1430779176.28486,pg_catalog,pg_cast,3,594,13893,3131,0,0,0,0,198,0,6,3133,6,14039,,,,
1430779176.28486,pg_catalog,pg_ts_config,3,48,0,0,0,0,0,0,16,0,2,2,0,0,,,,
1430779176.28486,pg_catalog,pg_ts_parser,3,3,0,0,0,0,0,0,1,0,2,2,0,0,,,,
1430779176.28486,pg_toast,pg_toast_2620,0,0,0,0,0,0,0,0,0,0,0,0,0,0,,,,
1430779176.28486,pg_toast,pg_toast_2396,0,0,0,0,0,0,0,0,0,0,0,0,0,0,,,,
1430779176.28486,pg_catalog,pg_largeobject,2,0,0,0,0,0,0,0,0,0,0,0,0,0,,,,
1430779176.28486,pg_catalog,pg_enum,4,0,0,0,0,0,0,0,0,0,0,0,0,0,,,,
1430779176.28486,pg_catalog,pg_foreign_table,2,0,0,0,0,0,0,0,0,0,0,0,0,0,,,,
1430779176.28486,pg_catalog,pg_collation,3,1806,0,0,0,0,0,0,602,0,38,38,0,0,,,,
1430779176.28486,pg_catalog,pg_am,212,224,0,0,0,0,0,0,5,0,3,210,0,0,,,,
1430779176.28486,pg_catalog,pg_proc,3,8073,4335,5776,6,0,0,0,2691,0,168,5125,33,9105,0,0,0,0
1430779176.28486,pg_catalog,pg_shdepend,75,75,8502,2126,0,0,0,0,1,0,51,2175,204,8850,,,,
1430779176.28486,pg_catalog,pg_language,4,16,10,10,0,0,0,0,4,0,2,13,4,18,,,,
1430779176.28486,pg_catalog,pg_range,2,12,2,0,0,0,0,0,6,0,2,1,2,2,,,,
1430779176.28486,pg_catalog,pg_attribute,70,8048,20984,98595,1401,20,1219,1,2491,0,193,32763,57,48001,,,,
1430779176.28486,pg_catalog,pg_database,2697,10363,81430,81378,26,0,25,0,4,0,122,84079,892,99388,,,,
1430779176.28486,pg_catalog,pg_conversion,4,528,0,0,0,0,0,0,132,0,6,9,0,0,,,,
1430779176.28486,pg_catalog,pg_type,3,1093,5800,5441,173,0,151,0,361,0,34,5842,25,12335,,,,
1430779176.28486,pg_catalog,pg_trigger,4,0,0,0,0,0,0,0,0,0,0,0,0,0,0,0,0,0
1430779176.28486,information_schema,sql_implementation_info,1,12,,,0,0,0,0,12,0,2,0,,,0,0,0,0
1430779176.28486,information_schema,sql_languages,1,4,,,0,0,0,0,4,0,2,0,,,0,0,0,0
1430779176.28486,public,customer,6,1440000,1127597,2755461,240000,460284,0,392955,240062,37775,157712,3784905,3528,3815556,,,,
1430779176.28486,pg_toast,pg_toast_12309,0,0,0,0,0,0,0,0,0,0,0,0,0,0,,,,
1430779176.28486,pg_toast,pg_toast_12334,0,0,0,0,0,0,0,0,0,0,0,0,0,0,,,,
1430779176.28486,pg_catalog,pg_amop,4,1744,2171,2843,0,0,0,0,436,0,12,2851,23,4617,,,,
1430779176.28486,pg_toast,pg_toast_1255,0,0,0,0,0,0,0,0,0,0,0,0,0,0,,,,
1430779176.28486,pg_toast,pg_toast_12314,0,0,0,0,0,0,0,0,0,0,0,0,0,0,,,,
1430779176.28486,pg_toast,pg_toast_12324,0,0,0,0,0,0,0,0,0,0,0,0,0,0,,,,
1430779176.28486,pg_catalog,pg_amproc,15,1056,1251,1846,0,0,0,0,344,0,9,1252,9,2691,,,,
1430779176.28486,public,orders,6,1440000,465263,513011,489556,221490,0,167181,487027,64703,8485,1152545,5245,3232768,,,,
1430779176.28486,pg_toast,pg_toast_2964,0,0,0,0,0,0,0,0,0,0,0,0,0,0,,,,
1430779176.28486,pg_catalog,pg_ts_template,3,15,0,0,0,0,0,0,5,0,2,2,0,0,,,,
1430779176.28486,pg_catalog,pg_db_role_setting,75,0,37644,0,0,0,0,0,0,0,0,0,212,37432,0,0,0,0
1430779176.28486,pg_toast,pg_toast_2609,0,0,0,0,0,0,0,0,0,0,0,0,0,0,,,,
1430779176.28486,public,stock,4,3200000,7548324,5339430,800000,2617386,0,0,805296,227779,273209,10218662,5653,30612793,,,,
1430779176.28486,information_schema,sql_parts,1,9,,,0,0,0,0,9,0,2,0,,,0,0,0,0
1430779176.28486,pg_catalog,pg_class,241,23986,28824,27032,122,324,101,68,316,0,33,30209,34,40492,,,,
1430779176.28486,pg_catalog,pg_seclabel,2,0,252,0,0,0,0,0,0,0,0,0,2,250,0,0,0,0
1430779176.28486,public,district,57555,4282720,1046616,1046589,80,488350,0,483677,80,1635,380,5555778,6,2004333,,,,
1430779176.28486,pg_catalog,pg_ts_config_map,2,608,0,0,0,0,0,0,304,0,4,2,0,0,,,,
1430779176.28486,information_schema,sql_sizing,1,23,,,0,0,0,0,23,0,2,0,,,0,0,0,0
1430779176.28486,pg_toast,pg_toast_12339,0,0,0,0,0,0,0,0,0,0,0,0,0,0,,,,
1430779176.28486,information_schema,sql_packages,1,10,,,0,0,0,0,10,0,2,0,,,0,0,0,0
1430779176.28486,pg_toast,pg_toast_2606,0,0,0,0,0,0,0,0,0,0,0,0,0,0,,,,
1430779176.28486,pg_catalog,pg_pltemplate,50,400,0,0,0,0,0,0,8,0,50,25,0,0,,,,
1430779176.28486,pg_catalog,pg_auth_members,75,0,0,0,0,0,0,0,0,0,0,0,0,0,,,,
1430779176.28486,pg_catalog,pg_depend,3,20120,2731,2507,348,0,256,0,6672,256,103,3172,39,6884,,,,
1430779176.28486,public,warehouse,32744,202224,701870,701870,8,238794,0,233327,8,2242,200,7562482,2,707985,,,,
1430779176.28486,pg_toast,pg_toast_2604,0,0,0,0,0,0,0,0,0,0,0,0,0,0,,,,
1430779176.28486,pg_catalog,pg_shseclabel,50,0,25,0,0,0,0,0,0,0,0,0,25,0,,,,
1430779176.28486,information_schema,sql_features,1,672,,,0,0,0,0,672,0,14,0,,,0,0,0,0
1430779176.28486,pg_toast,pg_toast_12319,0,0,0,0,0,0,0,0,0,0,0,0,0,0,,,,
1430779176.28486,pg_catalog,pg_description,2,7372,252,0,0,0,0,0,3686,0,64,32,6,501,0,0,0,0
1430779176.28486,pg_catalog,pg_namespace,19,114,1395,1208,0,0,0,0,6,0,3,1225,12,1607,,,,
1430779176.28486,information_schema,sql_sizing_profiles,1,0,,,0,0,0,0,0,0,0,0,,,0,0,0,0
1430779176.28486,pg_catalog,pg_foreign_server,3,0,0,0,0,0,0,0,0,0,0,0,0,0,,,,
1430779236.29918,pg_catalog,pg_operator,3,2295,3054,19884,0,0,0,0,765,0,42,13851,20,6466,,,,
1430779236.29918,pg_catalog,pg_extension,3,3,0,0,0,0,0,0,1,0,2,2,0,0,,,,
1430779236.29918,pg_catalog,pg_authid,709,709,15208,15208,0,0,0,0,1,0,209,15733,700,29716,,,,
1430779236.29918,pg_catalog,pg_statistic,2,830,40002,39775,92,920,0,444,491,77,111,42278,14,81549,77,15927,4,10949
1430779236.29918,pg_catalog,pg_opfamily,3,258,0,0,0,0,0,0,86,0,4,4,0,0,,,,
1430779236.29918,pg_catalog,pg_shdescription,54,159,25,0,0,0,0,0,3,0,51,28,51,0,0,0,0,0
1430779236.29918,pg_catalog,pg_event_trigger,3,0,27,0,0,0,0,0,0,0,0,0,2,25,,,,
1430779236.29918,public,item,4,400000,3003378,3000540,100000,0,0,0,100000,0,3845,3008342,276,6020587,,,,
1430779236.29918,pg_catalog,pg_user_mapping,3,0,0,0,0,0,0,0,0,0,0,0,0,0,,,,
1430779236.29918,pg_catalog,pg_inherits,3,0,84,0,0,0,0,0,0,0,0,0,2,82,,,,
1430779236.29918,pg_toast,pg_toast_3596,0,0,0,0,0,0,0,0,0,0,0,0,0,0,,,,
1430779236.29918,pg_catalog,pg_rewrite,3,327,58,58,0,0,0,0,109,0,27,75,2,98,51,89,8,250
1430779236.29918,pg_catalog,pg_foreign_data_wrapper,3,0,0,0,0,0,0,0,0,0,0,0,0,0,,,,
1430779236.29918,pg_catalog,pg_largeobject_metadata,2,0,0,0,0,0,0,0,0,0,0,0,0,0,,,,
1430779236.29918,pg_catalog,pg_opclass,15,396,1820,23098,0,0,0,0,128,0,9,8755,12,2145,,,,
1430779236.29918,pg_catalog,pg_attrdef,3,0,0,0,0,0,0,0,0,0,0,0,0,0,0,0,0,0
1430779236.29918,pg_catalog,pg_default_acl,3,0,59,0,0,0,0,0,0,0,0,0,2,57,,,,
1430779236.29918,pg_catalog,pg_aggregate,2,266,170,170,0,0,0,0,133,0,5,171,2,258,,,,
1430779236.29918,pg_toast,pg_toast_12329,0,0,0,0,0,0,0,0,0,0,0,0,0,0,,,,
1430779236.29918,public,history,1,240000,,,513488,0,0,0,513016,0,16634,292033,,,,,,
1430779236.29918,public,new_order,4,288000,506600,472610,357998,0,216740,0,138426,5661,2051,2910432,1647,3021860,,,,
1430779236.29918,public,order_line,4,9112860,557449,8040002,5278755,2577711,0,1401152,4831482,564068,256058,12178256,34633,14341014,,,,
1430779236.29918,pg_catalog,pg_ts_dict,3,48,0,0,0,0,0,0,16,0,2,2,0,0,,,,
1430779236.29918,pg_catalog,pg_index,88,5460,8881,10180,27,0,17,0,123,17,13,9137,12,9319,,,,
1430779236.29918,pg_catalog,pg_tablespace,153,306,5788,5788,0,0,0,0,2,0,165,5801,315,11329,,,,
1430779236.29918,pg_toast,pg_toast_2619,0,0,10296,30488,395,0,334,0,69,57,77,15927,4,10949,,,,
1430779236.29918,pg_catalog,pg_constraint,5,50,8,0,8,0,0,0,10,0,6,33,8,64,0,0,0,0
1430779236.29918,pg_toast,pg_toast_2618,0,0,102,321,0,0,0,0,0,0,51,89,4,125,,,,
1430779236.29918,pg_catalog,pg_cast,3,594,14076,3179,0,0,0,0,198,0,6,3181,6,14228,,,,
1430779236.29918,pg_catalog,pg_ts_config,3,48,0,0,0,0,0,0,16,0,2,2,0,0,,,,
1430779236.29918,pg_catalog,pg_ts_parser,3,3,0,0,0,0,0,0,1,0,2,2,0,0,,,,
1430779236.29918,pg_toast,pg_toast_2620,0,0,0,0,0,0,0,0,0,0,0,0,0,0,,,,
1430779236.29918,pg_toast,pg_toast_2396,0,0,0,0,0,0,0,0,0,0,0,0,0,0,,,,
1430779236.29918,pg_catalog,pg_largeobject,2,0,0,0,0,0,0,0,0,0,0,0,0,0,,,,
1430779236.29918,pg_catalog,pg_enum,4,0,0,0,0,0,0,0,0,0,0,0,0,0,,,,
1430779236.29918,pg_catalog,pg_foreign_table,2,0,0,0,0,0,0,0,0,0,0,0,0,0,,,,
1430779236.29918,pg_catalog,pg_collation,3,1806,0,0,0,0,0,0,602,0,38,38,0,0,,,,
1430779236.29918,pg_catalog,pg_am,221,233,0,0,0,0,0,0,5,0,3,219,0,0,,,,
1430779236.29918,pg_catalog,pg_proc,3,8073,4413,5889,6,0,0,0,2691,0,168,5218,33,9271,0,0,0,0
1430779236.29918,pg_catalog,pg_shdepend,75,75,8502,2126,0,0,0,0,1,0,51,2175,204,8850,,,,
1430779236.29918,pg_catalog,pg_language,4,16,10,10,0,0,0,0,4,0,2,13,4,18,,,,
1430779236.29918,pg_catalog,pg_range,2,12,2,0,0,0,0,0,6,0,2,1,2,2,,,,
1430779236.29918,pg_catalog,pg_attribute,70,8048,22538,108694,1401,20,1219,1,2491,0,193,35236,57,51120,,,,
1430779236.29918,pg_catalog,pg_database,2700,10375,81535,81483,26,0,25,0,4,0,122,84187,892,99507,,,,
1430779236.29918,pg_catalog,pg_conversion,4,528,0,0,0,0,0,0,132,0,6,9,0,0,,,,
1430779236.29918,pg_catalog,pg_type,3,1093,5899,5540,173,0,151,0,361,0,34,5941,25,12539,,,,
1430779236.29918,pg_catalog,pg_trigger,4,0,0,0,0,0,0,0,0,0,0,0,0,0,0,0,0,0
1430779236.29918,information_schema,sql_implementation_info,1,12,,,0,0,0,0,12,0,2,0,,,0,0,0,0
1430779236.29918,information_schema,sql_languages,1,4,,,0,0,0,0,4,0,2,0,,,0,0,0,0
1430779236.29918,public,customer,6,1440000,1291247,3179044,240000,526788,0,454202,240032,46789,157989,4345165,3546,4342104,,,,
1430779236.29918,pg_toast,pg_toast_12309,0,0,0,0,0,0,0,0,0,0,0,0,0,0,,,,
1430779236.29918,pg_toast,pg_toast_12334,0,0,0,0,0,0,0,0,0,0,0,0,0,0,,,,
1430779236.29918,pg_catalog,pg_amop,4,1744,2228,2909,0,0,0,0,436,0,12,2917,23,4741,,,,
1430779236.29918,pg_toast,pg_toast_1255,0,0,0,0,0,0,0,0,0,0,0,0,0,0,,,,
1430779236.29918,pg_toast,pg_toast_12314,0,0,0,0,0,0,0,0,0,0,0,0,0,0,,,,
1430779236.29918,pg_toast,pg_toast_12324,0,0,0,0,0,0,0,0,0,0,0,0,0,0,,,,
1430779236.29918,pg_catalog,pg_amproc,15,1056,1281,1886,0,0,0,0,344,0,9,1279,9,2760,,,,
1430779236.29918,public,orders,6,1440000,532099,594150,525998,253300,0,191083,523102,73916,8830,1322989,5749,3701459,,,,
1430779236.29918,pg_toast,pg_toast_2964,0,0,0,0,0,0,0,0,0,0,0,0,0,0,,,,
1430779236.29918,pg_catalog,pg_ts_template,3,15,0,0,0,0,0,0,5,0,2,2,0,0,,,,
1430779236.29918,pg_catalog,pg_db_role_setting,75,0,37672,0,0,0,0,0,0,0,0,0,212,37460,0,0,0,0
1430779236.29918,pg_toast,pg_toast_2609,0,0,0,0,0,0,0,0,0,0,0,0,0,0,,,,
1430779236.29918,public,stock,4,3200000,8632399,6119981,800000,3000540,0,0,805469,230216,274373,11665508,5663,35032368,,,,
1430779236.29918,information_schema,sql_parts,1,9,,,0,0,0,0,9,0,2,0,,,0,0,0,0
1430779236.29918,pg_catalog,pg_class,251,26847,31793,29878,122,324,101,68,316,0,33,33154,34,44163,,,,
1430779236.29918,pg_catalog,pg_seclabel,2,0,252,0,0,0,0,0,0,0,0,0,2,250,0,0,0,0
1430779236.29918,public,district,57555,4282720,1206303,1206276,80,559486,0,554014,80,648,380,5982903,6,2330707,,,,
1430779236.29918,pg_catalog,pg_ts_config_map,2,608,0,0,0,0,0,0,304,0,4,2,0,0,,,,
1430779236.29918,information_schema,sql_sizing,1,23,,,0,0,0,0,23,0,2,0,,,0,0,0,0
1430779236.29918,pg_toast,pg_toast_12339,0,0,0,0,0,0,0,0,0,0,0,0,0,0,,,,
1430779236.29918,information_schema,sql_packages,1,10,,,0,0,0,0,10,0,2,0,,,0,0,0,0
1430779236.29918,pg_toast,pg_toast_2606,0,0,0,0,0,0,0,0,0,0,0,0,0,0,,,,
1430779236.29918,pg_catalog,pg_pltemplate,50,400,0,0,0,0,0,0,8,0,50,25,0,0,,,,
1430779236.29918,pg_catalog,pg_auth_members,75,0,0,0,0,0,0,0,0,0,0,0,0,0,,,,
1430779236.29918,pg_catalog,pg_depend,3,20120,2731,2507,348,0,256,0,6672,256,103,3172,39,6884,,,,
1430779236.29918,public,warehouse,32744,202224,807700,807700,8,273488,0,267237,8,1994,200,8533487,2,814680,,,,
1430779236.29918,pg_toast,pg_toast_2604,0,0,0,0,0,0,0,0,0,0,0,0,0,0,,,,
1430779236.29918,pg_catalog,pg_shseclabel,50,0,25,0,0,0,0,0,0,0,0,0,25,0,,,,
1430779236.29918,information_schema,sql_features,1,672,,,0,0,0,0,672,0,14,0,,,0,0,0,0
1430779236.29918,pg_toast,pg_toast_12319,0,0,0,0,0,0,0,0,0,0,0,0,0,0,,,,
1430779236.29918,pg_catalog,pg_description,2,7372,252,0,0,0,0,0,3686,0,64,32,6,501,0,0,0,0
1430779236.29918,pg_catalog,pg_namespace,21,126,1535,1343,0,0,0,0,6,0,3,1362,12,1755,,,,
1430779236.29918,information_schema,sql_sizing_profiles,1,0,,,0,0,0,0,0,0,0,0,,,0,0,0,0
1430779236.29918,pg_catalog,pg_foreign_server,3,0,0,0,0,0,0,0,0,0,0,0,0,0,,,,
1430779296.46926,pg_catalog,pg_operator,3,2295,3071,19901,0,0,0,0,765,0,42,13868,20,6508,,,,
1430779296.46926,pg_catalog,pg_extension,3,3,0,0,0,0,0,0,1,0,2,2,0,0,,,,
1430779296.46926,pg_catalog,pg_authid,710,710,15219,15219,0,0,0,0,1,0,209,15745,700,29738,,,,
1430779296.46926,pg_catalog,pg_statistic,2,830,40297,40064,92,920,0,444,491,74,111,42567,14,82144,77,15969,4,10991
1430779296.46926,pg_catalog,pg_opfamily,3,258,0,0,0,0,0,0,86,0,4,4,0,0,,,,
1430779296.46926,pg_catalog,pg_shdescription,54,159,25,0,0,0,0,0,3,0,51,28,51,0,0,0,0,0
1430779296.46926,pg_catalog,pg_event_trigger,3,0,27,0,0,0,0,0,0,0,0,0,2,25,,,,
1430779296.46926,public,item,4,400000,3354707,3351532,100000,0,0,0,100000,0,3845,3359334,276,6724926,,,,
1430779296.46926,pg_catalog,pg_user_mapping,3,0,0,0,0,0,0,0,0,0,0,0,0,0,,,,
1430779296.46926,pg_catalog,pg_inherits,3,0,84,0,0,0,0,0,0,0,0,0,2,82,,,,
1430779296.46926,pg_toast,pg_toast_3596,0,0,0,0,0,0,0,0,0,0,0,0,0,0,,,,
1430779296.46926,pg_catalog,pg_rewrite,3,327,65,65,0,0,0,0,109,0,27,82,2,110,51,96,8,266
1430779296.46926,pg_catalog,pg_foreign_data_wrapper,3,0,0,0,0,0,0,0,0,0,0,0,0,0,,,,
1430779296.46926,pg_catalog,pg_largeobject_metadata,2,0,0,0,0,0,0,0,0,0,0,0,0,0,,,,
1430779296.46926,pg_catalog,pg_opclass,15,396,1836,23281,0,0,0,0,128,0,9,8823,12,2169,,,,
1430779296.46926,pg_catalog,pg_attrdef,3,0,0,0,0,0,0,0,0,0,0,0,0,0,0,0,0,0
1430779296.46926,pg_catalog,pg_default_acl,3,0,59,0,0,0,0,0,0,0,0,0,2,57,,,,
1430779296.46926,pg_catalog,pg_aggregate,2,266,171,171,0,0,0,0,133,0,5,172,2,260,,,,
1430779296.46926,pg_toast,pg_toast_12329,0,0,0,0,0,0,0,0,0,0,0,0,0,0,,,,
1430779296.46926,public,history,1,240000,,,545444,0,0,0,544972,0,16982,324685,,,,,,
1430779296.46926,public,new_order,4,288000,566100,528266,391497,0,242470,0,145858,31728,2051,3182748,1647,3382598,,,,
1430779296.46926,public,order_line,4,9112860,622795,8966038,5629747,2888646,0,1630559,5179334,687594,260901,13312732,37339,15847380,,,,
1430779296.46926,pg_catalog,pg_ts_dict,3,48,0,0,0,0,0,0,16,0,2,2,0,0,,,,
1430779296.46926,pg_catalog,pg_index,93,6075,9174,10486,27,0,17,0,123,17,13,9445,12,9622,,,,
1430779296.46926,pg_catalog,pg_tablespace,153,306,5793,5793,0,0,0,0,2,0,165,5806,315,11339,,,,
1430779296.46926,pg_toast,pg_toast_2619,0,0,10338,30572,395,0,334,0,69,57,77,15969,4,10991,,,,
1430779296.46926,pg_catalog,pg_constraint,5,50,8,0,8,0,0,0,10,0,6,33,8,64,0,0,0,0
1430779296.46926,pg_toast,pg_toast_2618,0,0,107,337,0,0,0,0,0,0,51,96,4,133,,,,
1430779296.46926,pg_catalog,pg_cast,3,594,14145,3207,0,0,0,0,198,0,6,3209,6,14302,,,,
1430779296.46926,pg_catalog,pg_ts_config,3,48,0,0,0,0,0,0,16,0,2,2,0,0,,,,
1430779296.46926,pg_catalog,pg_ts_parser,3,3,0,0,0,0,0,0,1,0,2,2,0,0,,,,
1430779296.46926,pg_toast,pg_toast_2620,0,0,0,0,0,0,0,0,0,0,0,0,0,0,,,,
1430779296.46926,pg_toast,pg_toast_2396,0,0,0,0,0,0,0,0,0,0,0,0,0,0,,,,
1430779296.46926,pg_catalog,pg_largeobject,2,0,0,0,0,0,0,0,0,0,0,0,0,0,,,,
1430779296.46926,pg_catalog,pg_enum,4,0,0,0,0,0,0,0,0,0,0,0,0,0,,,,
1430779296.46926,pg_catalog,pg_foreign_table,2,0,0,0,0,0,0,0,0,0,0,0,0,0,,,,
1430779296.46926,pg_catalog,pg_collation,3,1806,0,0,0,0,0,0,602,0,38,38,0,0,,,,
1430779296.46926,pg_catalog,pg_am,226,238,0,0,0,0,0,0,5,0,3,224,0,0,,,,
1430779296.46926,pg_catalog,pg_proc,3,8073,4491,6002,6,0,0,0,2691,0,168,5311,33,9437,0,0,0,0
1430779296.46926,pg_catalog,pg_shdepend,75,75,8502,2126,0,0,0,0,1,0,51,2175,204,8850,,,,
1430779296.46926,pg_catalog,pg_language,4,16,10,10,0,0,0,0,4,0,2,13,4,18,,,,
1430779296.46926,pg_catalog,pg_range,2,12,2,0,0,0,0,0,6,0,2,1,2,2,,,,
1430779296.46926,pg_catalog,pg_attribute,70,8048,23150,112022,1401,20,1219,1,2491,0,193,36278,57,52351,,,,
1430779296.46926,pg_catalog,pg_database,2703,10387,81643,81591,26,0,25,0,4,0,122,84298,892,99629,,,,
1430779296.46926,pg_catalog,pg_conversion,4,528,0,0,0,0,0,0,132,0,6,9,0,0,,,,
1430779296.46926,pg_catalog,pg_type,3,1093,5991,5632,173,0,151,0,361,0,34,6033,25,12728,,,,
1430779296.46926,pg_catalog,pg_trigger,4,0,0,0,0,0,0,0,0,0,0,0,0,0,0,0,0,0
1430779296.46926,information_schema,sql_implementation_info,1,12,,,0,0,0,0,12,0,2,0,,,0,0,0,0
1430779296.46926,information_schema,sql_languages,1,4,,,0,0,0,0,4,0,2,0,,,0,0,0,0
1430779296.46926,public,customer,6,1440000,1442417,3562679,240000,588494,0,513914,240032,48476,158159,4823467,3548,4811151,,,,
1430779296.46926,pg_toast,pg_toast_12309,0,0,0,0,0,0,0,0,0,0,0,0,0,0,,,,
1430779296.46926,pg_toast,pg_toast_12334,0,0,0,0,0,0,0,0,0,0,0,0,0,0,,,,
1430779296.46926,pg_catalog,pg_amop,4,1744,2261,2950,0,0,0,0,436,0,12,2958,23,4815,,,,
1430779296.46926,pg_toast,pg_toast_1255,0,0,0,0,0,0,0,0,0,0,0,0,0,0,,,,
1430779296.46926,pg_toast,pg_toast_12314,0,0,0,0,0,0,0,0,0,0,0,0,0,0,,,,
1430779296.46926,pg_toast,pg_toast_12324,0,0,0,0,0,0,0,0,0,0,0,0,0,0,,,,
1430779296.46926,pg_catalog,pg_amproc,15,1056,1296,1909,0,0,0,0,344,0,9,1294,9,2795,,,,
1430779296.46926,public,orders,6,1440000,594598,672155,559497,283050,0,216596,556264,78734,9105,1476561,6169,4117229,,,,
1430779296.46926,pg_toast,pg_toast_2964,0,0,0,0,0,0,0,0,0,0,0,0,0,0,,,,
1430779296.46926,pg_catalog,pg_ts_template,3,15,0,0,0,0,0,0,5,0,2,2,0,0,,,,
1430779296.46926,pg_catalog,pg_db_role_setting,75,0,37700,0,0,0,0,0,0,0,0,0,212,37488,0,0,0,0
1430779296.46926,pg_toast,pg_toast_2609,0,0,0,0,0,0,0,0,0,0,0,0,0,0,,,,
1430779296.46926,public,stock,4,3200000,9608507,6834193,800000,3351532,0,0,800216,51749,274441,12783097,5671,39024836,,,,
1430779296.46926,information_schema,sql_parts,1,9,,,0,0,0,0,9,0,2,0,,,0,0,0,0
1430779296.46926,pg_catalog,pg_class,257,28743,32939,30901,122,324,101,68,316,0,33,34226,34,45545,,,,
1430779296.46926,pg_catalog,pg_seclabel,2,0,252,0,0,0,0,0,0,0,0,0,2,250,0,0,0,0
1430779296.46926,public,district,57555,4282720,1349265,1349238,80,624941,0,619369,80,4677,380,6266177,6,2621696,,,,
1430779296.46926,pg_catalog,pg_ts_config_map,2,608,0,0,0,0,0,0,304,0,4,2,0,0,,,,
1430779296.46926,information_schema,sql_sizing,1,23,,,0,0,0,0,23,0,2,0,,,0,0,0,0
1430779296.46926,pg_toast,pg_toast_12339,0,0,0,0,0,0,0,0,0,0,0,0,0,0,,,,
1430779296.46926,information_schema,sql_packages,1,10,,,0,0,0,0,10,0,2,0,,,0,0,0,0
1430779296.46926,pg_toast,pg_toast_2606,0,0,0,0,0,0,0,0,0,0,0,0,0,0,,,,
1430779296.46926,pg_catalog,pg_pltemplate,50,400,0,0,0,0,0,0,8,0,50,25,0,0,,,,
1430779296.46926,pg_catalog,pg_auth_members,75,0,0,0,0,0,0,0,0,0,0,0,0,0,,,,
1430779296.46926,pg_catalog,pg_depend,3,20120,2731,2507,348,0,256,0,6672,256,103,3172,39,6884,,,,
1430779296.46926,public,warehouse,32744,202224,905111,905111,8,305444,0,298522,8,3783,200,9261407,2,912842,,,,
1430779296.46926,pg_toast,pg_toast_2604,0,0,0,0,0,0,0,0,0,0,0,0,0,0,,,,
1430779296.46926,pg_catalog,pg_shseclabel,50,0,25,0,0,0,0,0,0,0,0,0,25,0,,,,
1430779296.46926,information_schema,sql_features,1,672,,,0,0,0,0,672,0,14,0,,,0,0,0,0
1430779296.46926,pg_toast,pg_toast_12319,0,0,0,0,0,0,0,0,0,0,0,0,0,0,,,,
1430779296.46926,pg_catalog,pg_description,2,7372,252,0,0,0,0,0,3686,0,64,32,6,501,0,0,0,0
1430779296.46926,pg_catalog,pg_namespace,23,138,1673,1476,0,0,0,0,6,0,3,1497,12,1900,,,,
1430779296.46926,information_schema,sql_sizing_profiles,1,0,,,0,0,0,0,0,0,0,0,,,0,0,0,0
1430779296.46926,pg_catalog,pg_foreign_server,3,0,0,0,0,0,0,0,0,0,0,0,0,0,,,,
1430779356.47187,pg_catalog,pg_operator,3,2295,3094,19924,0,0,0,0,765,0,42,13891,20,6563,,,,
1430779356.47187,pg_catalog,pg_extension,3,3,0,0,0,0,0,0,1,0,2,2,0,0,,,,
1430779356.47187,pg_catalog,pg_authid,711,711,15229,15229,0,0,0,0,1,0,209,15756,700,29758,,,,
1430779356.47187,pg_catalog,pg_statistic,2,830,45189,44950,92,988,0,504,491,112,111,47550,14,91950,77,18015,4,12377
1430779356.47187,pg_catalog,pg_opfamily,3,258,0,0,0,0,0,0,86,0,4,4,0,0,,,,
1430779356.47187,pg_catalog,pg_shdescription,54,159,25,0,0,0,0,0,3,0,51,28,51,0,0,0,0,0
1430779356.47187,pg_catalog,pg_event_trigger,3,0,27,0,0,0,0,0,0,0,0,0,2,25,,,,
1430779356.47187,public,item,4,400000,3718190,3714659,100000,0,0,0,100000,0,3845,3722461,276,7453586,,,,
1430779356.47187,pg_catalog,pg_user_mapping,3,0,0,0,0,0,0,0,0,0,0,0,0,0,,,,
1430779356.47187,pg_catalog,pg_inherits,3,0,84,0,0,0,0,0,0,0,0,0,2,82,,,,
1430779356.47187,pg_toast,pg_toast_3596,0,0,0,0,0,0,0,0,0,0,0,0,0,0,,,,
1430779356.47187,pg_catalog,pg_rewrite,3,327,72,72,0,0,0,0,109,0,27,89,2,122,51,103,8,282
1430779356.47187,pg_catalog,pg_foreign_data_wrapper,3,0,0,0,0,0,0,0,0,0,0,0,0,0,,,,
1430779356.47187,pg_catalog,pg_largeobject_metadata,2,0,0,0,0,0,0,0,0,0,0,0,0,0,,,,
1430779356.47187,pg_catalog,pg_opclass,15,396,1868,23738,0,0,0,0,128,0,9,8979,12,2211,,,,
1430779356.47187,pg_catalog,pg_attrdef,3,0,0,0,0,0,0,0,0,0,0,0,0,0,0,0,0,0
1430779356.47187,pg_catalog,pg_default_acl,3,0,59,0,0,0,0,0,0,0,0,0,2,57,,,,
1430779356.47187,pg_catalog,pg_aggregate,2,266,172,172,0,0,0,0,133,0,5,173,2,262,,,,
1430779356.47187,pg_toast,pg_toast_12329,0,0,0,0,0,0,0,0,0,0,0,0,0,0,,,,
1430779356.47187,public,history,1,240000,,,578585,0,0,0,577260,0,19953,362641,,,,,,
1430779356.47187,public,new_order,4,288000,627760,585558,426150,0,268670,0,153971,5990,2131,3643319,1766,3805505,,,,
1430779356.47187,public,order_line,4,9112860,690550,9947822,5992874,3212702,0,1846211,5539010,849149,266195,14611315,40091,17478525,,,,
1430779356.47187,pg_catalog,pg_ts_dict,3,48,0,0,0,0,0,0,16,0,2,2,0,0,,,,
1430779356.47187,pg_catalog,pg_index,98,6690,10093,11660,27,0,17,0,123,17,13,10378,12,10553,,,,
1430779356.47187,pg_catalog,pg_tablespace,153,306,5798,5798,0,0,0,0,2,0,165,5811,315,11349,,,,
1430779356.47187,pg_toast,pg_toast_2619,0,0,11669,34840,449,0,388,0,69,111,77,18015,4,12377,,,,
1430779356.47187,pg_catalog,pg_constraint,5,50,8,0,8,0,0,0,10,0,6,33,8,64,0,0,0,0
1430779356.47187,pg_toast,pg_toast_2618,0,0,112,353,0,0,0,0,0,0,51,103,4,141,,,,
1430779356.47187,pg_catalog,pg_cast,3,594,14328,3255,0,0,0,0,198,0,6,3257,6,14491,,,,
1430779356.47187,pg_catalog,pg_ts_config,3,48,0,0,0,0,0,0,16,0,2,2,0,0,,,,
1430779356.47187,pg_catalog,pg_ts_parser,3,3,0,0,0,0,0,0,1,0,2,2,0,0,,,,
1430779356.47187,pg_toast,pg_toast_2620,0,0,0,0,0,0,0,0,0,0,0,0,0,0,,,,
1430779356.47187,pg_toast,pg_toast_2396,0,0,0,0,0,0,0,0,0,0,0,0,0,0,,,,
1430779356.47187,pg_catalog,pg_largeobject,2,0,0,0,0,0,0,0,0,0,0,0,0,0,,,,
1430779356.47187,pg_catalog,pg_enum,4,0,0,0,0,0,0,0,0,0,0,0,0,0,,,,
1430779356.47187,pg_catalog,pg_foreign_table,2,0,0,0,0,0,0,0,0,0,0,0,0,0,,,,
1430779356.47187,pg_catalog,pg_collation,3,1806,0,0,0,0,0,0,602,0,38,38,0,0,,,,
1430779356.47187,pg_catalog,pg_am,232,244,0,0,0,0,0,0,5,0,3,230,0,0,,,,
1430779356.47187,pg_catalog,pg_proc,3,8073,4569,6115,6,0,0,0,2691,0,168,5404,33,9603,0,0,0,0
1430779356.47187,pg_catalog,pg_shdepend,75,75,8502,2126,0,0,0,0,1,0,51,2175,204,8850,,,,
1430779356.47187,pg_catalog,pg_language,4,16,10,10,0,0,0,0,4,0,2,13,4,18,,,,
1430779356.47187,pg_catalog,pg_range,2,12,2,0,0,0,0,0,6,0,2,1,2,2,,,,
1430779356.47187,pg_catalog,pg_attribute,70,8048,25022,125212,1401,20,1219,1,2491,0,193,39410,57,56103,,,,
1430779356.47187,pg_catalog,pg_database,2705,10395,81748,81696,26,0,25,0,4,0,122,84405,892,99746,,,,
1430779356.47187,pg_catalog,pg_conversion,4,528,0,0,0,0,0,0,132,0,6,9,0,0,,,,
1430779356.47187,pg_catalog,pg_type,3,1093,6090,5731,173,0,151,0,361,0,34,6132,25,12932,,,,
1430779356.47187,pg_catalog,pg_trigger,4,0,0,0,0,0,0,0,0,0,0,0,0,0,0,0,0,0
1430779356.47187,information_schema,sql_implementation_info,1,12,,,0,0,0,0,12,0,2,0,,,0,0,0,0
1430779356.47187,information_schema,sql_languages,1,4,,,0,0,0,0,4,0,2,0,,,0,0,0,0
1430779356.47187,public,customer,6,1440000,1598843,3901048,240000,652465,0,574476,239793,13891,158221,5354306,3548,5308348,,,,
1430779356.47187,pg_toast,pg_toast_12309,0,0,0,0,0,0,0,0,0,0,0,0,0,0,,,,
1430779356.47187,pg_toast,pg_toast_12334,0,0,0,0,0,0,0,0,0,0,0,0,0,0,,,,
1430779356.47187,pg_catalog,pg_amop,4,1744,2318,3016,0,0,0,0,436,0,12,3024,23,4939,,,,
1430779356.47187,pg_toast,pg_toast_1255,0,0,0,0,0,0,0,0,0,0,0,0,0,0,,,,
1430779356.47187,pg_toast,pg_toast_12314,0,0,0,0,0,0,0,0,0,0,0,0,0,0,,,,
1430779356.47187,pg_toast,pg_toast_12324,0,0,0,0,0,0,0,0,0,0,0,0,0,0,,,,
1430779356.47187,pg_catalog,pg_amproc,15,1056,1324,1945,0,0,0,0,344,0,9,1319,9,2857,,,,
1430779356.47187,public,orders,6,1440000,659253,753701,594150,313880,0,240964,590651,87710,9465,1647063,6577,4559959,,,,
1430779356.47187,pg_toast,pg_toast_2964,0,0,0,0,0,0,0,0,0,0,0,0,0,0,,,,
1430779356.47187,pg_catalog,pg_ts_template,3,15,0,0,0,0,0,0,5,0,2,2,0,0,,,,
1430779356.47187,pg_catalog,pg_db_role_setting,75,0,37724,0,0,0,0,0,0,0,0,0,212,37512,0,0,0,0
1430779356.47187,pg_toast,pg_toast_2609,0,0,0,0,0,0,0,0,0,0,0,0,0,0,,,,
1430779356.47187,public,stock,4,3200000,10638107,7573589,800000,3714659,0,0,800124,67829,275347,14169223,5673,43220093,,,,
1430779356.47187,information_schema,sql_parts,1,9,,,0,0,0,0,9,0,2,0,,,0,0,0,0
1430779356.47187,pg_catalog,pg_class,267,31604,36723,34562,122,324,101,68,316,0,33,37988,34,50279,,,,
1430779356.47187,pg_catalog,pg_seclabel,2,0,252,0,0,0,0,0,0,0,0,0,2,250,0,0,0,0
1430779356.47187,public,district,57555,4282720,1501106,1501079,80,692735,0,686322,80,5330,380,6645244,6,2932356,,,,
1430779356.47187,pg_catalog,pg_ts_config_map,2,608,0,0,0,0,0,0,304,0,4,2,0,0,,,,
1430779356.47187,information_schema,sql_sizing,1,23,,,0,0,0,0,23,0,2,0,,,0,0,0,0
1430779356.47187,pg_toast,pg_toast_12339,0,0,0,0,0,0,0,0,0,0,0,0,0,0,,,,
1430779356.47187,information_schema,sql_packages,1,10,,,0,0,0,0,10,0,2,0,,,0,0,0,0
1430779356.47187,pg_toast,pg_toast_2606,0,0,0,0,0,0,0,0,0,0,0,0,0,0,,,,
1430779356.47187,pg_catalog,pg_pltemplate,50,400,0,0,0,0,0,0,8,0,50,25,0,0,,,,
1430779356.47187,pg_catalog,pg_auth_members,75,0,0,0,0,0,0,0,0,0,0,0,0,0,,,,
1430779356.47187,pg_catalog,pg_depend,3,20120,2731,2507,348,0,256,0,6672,256,103,3172,39,6884,,,,
1430779356.47187,public,warehouse,32744,202224,1006046,1006046,8,338585,0,330900,8,3784,200,10208232,2,1014621,,,,
1430779356.47187,pg_toast,pg_toast_2604,0,0,0,0,0,0,0,0,0,0,0,0,0,0,,,,
1430779356.47187,pg_catalog,pg_shseclabel,50,0,25,0,0,0,0,0,0,0,0,0,25,0,,,,
1430779356.47187,information_schema,sql_features,1,672,,,0,0,0,0,672,0,14,0,,,0,0,0,0
1430779356.47187,pg_toast,pg_toast_12319,0,0,0,0,0,0,0,0,0,0,0,0,0,0,,,,
1430779356.47187,pg_catalog,pg_description,2,7372,252,0,0,0,0,0,3686,0,64,32,6,501,0,0,0,0
1430779356.47187,pg_catalog,pg_namespace,25,150,1812,1610,0,0,0,0,6,0,3,1633,12,2047,,,,
1430779356.47187,information_schema,sql_sizing_profiles,1,0,,,0,0,0,0,0,0,0,0,,,0,0,0,0
1430779356.47187,pg_catalog,pg_foreign_server,3,0,0,0,0,0,0,0,0,0,0,0,0,0,,,,
