# hostname;interval;timestamp;DEV;tps;rd_sec/s;wr_sec/s;avgrq-sz;avgqu-sz;await;svctm;%util
ECSPGSQL;60;1430778815;dasda;4.95;0.00;267.20;53.98;0.04;8.15;0.34;0.17
ECSPGSQL;60;1430778815;dasdb;0.00;0.00;0.00;0.00;0.00;0.00;0.00;0.00
ECSPGSQL;60;1430778815;sda;356.00;0.13;34440.93;96.74;0.43;1.22;0.49;17.35
ECSPGSQL;60;1430778815;vgsys-swap;0.00;0.00;0.00;0.00;0.00;0.00;0.00;0.00
ECSPGSQL;60;1430778815;vgsys-postgreSQL;4305.13;0.13;34440.93;8.00;14.12;3.28;0.04;17.33
ECSPGSQL;60;1430778875;dasda;5.12;0.00;431.87;84.40;0.06;11.95;0.46;0.23
ECSPGSQL;60;1430778875;dasdb;0.00;0.00;0.00;0.00;0.00;0.00;0.00;0.00
ECSPGSQL;60;1430778875;sda;382.02;0.13;22810.93;59.71;0.59;1.54;0.43;16.32
ECSPGSQL;60;1430778875;vgsys-swap;0.00;0.00;0.00;0.00;0.00;0.00;0.00;0.00
ECSPGSQL;60;1430778875;vgsys-postgreSQL;2851.38;0.13;22810.93;8.00;10.97;3.85;0.06;16.32
ECSPGSQL;60;1430778935;dasda;4.55;0.00;369.01;81.11;0.06;13.92;0.51;0.23
ECSPGSQL;60;1430778935;dasdb;0.00;0.00;0.00;0.00;0.00;0.00;0.00;0.00
ECSPGSQL;60;1430778935;sda;371.30;0.00;21269.79;57.28;0.28;0.75;0.42;15.51
ECSPGSQL;60;1430778935;vgsys-swap;0.00;0.00;0.00;0.00;0.00;0.00;0.00;0.00
ECSPGSQL;60;1430778935;vgsys-postgreSQL;2658.72;0.00;21269.79;8.00;16.96;6.38;0.06;15.61
ECSPGSQL;60;1430778995;dasda;4.77;0.00;391.60;82.15;0.05;10.00;0.49;0.23
ECSPGSQL;60;1430778995;dasdb;0.00;0.00;0.00;0.00;0.00;0.00;0.00;0.00
ECSPGSQL;60;1430778995;sda;380.27;0.13;17782.67;46.76;0.21;0.54;0.44;16.83
ECSPGSQL;60;1430778995;vgsys-swap;0.00;0.00;0.00;0.00;0.00;0.00;0.00;0.00
ECSPGSQL;60;1430778995;vgsys-postgreSQL;2222.85;0.13;17782.67;8.00;5.74;2.58;0.08;16.93
ECSPGSQL;60;1430779055;dasda;5.78;0.00;426.60;73.75;0.06;10.03;0.37;0.22
ECSPGSQL;60;1430779055;dasdb;0.00;0.00;0.00;0.00;0.00;0.00;0.00;0.00
ECSPGSQL;60;1430779055;sda;426.19;0.00;20877.75;48.99;0.48;1.12;0.38;16.04
ECSPGSQL;60;1430779055;vgsys-swap;0.00;0.00;0.00;0.00;0.00;0.00;0.00;0.00
ECSPGSQL;60;1430779055;vgsys-postgreSQL;2609.72;0.00;20877.75;8.00;9.10;3.49;0.06;16.22
ECSPGSQL;60;1430779115;dasda;6.27;31.99;449.66;76.87;0.05;8.35;0.37;0.23
ECSPGSQL;60;1430779115;dasdb;0.00;0.00;0.00;0.00;0.00;0.00;0.00;0.00
ECSPGSQL;60;1430779115;sda;380.29;0.00;18619.16;48.96;0.29;0.75;0.43;16.50
ECSPGSQL;60;1430779115;vgsys-swap;0.00;0.00;0.00;0.00;0.00;0.00;0.00;0.00
ECSPGSQL;60;1430779115;vgsys-postgreSQL;2327.40;0.00;18619.16;8.00;6.40;2.75;0.07;16.45
ECSPGSQL;60;1430779175;dasda;8.35;133.47;333.87;55.97;0.07;8.04;0.38;0.32
ECSPGSQL;60;1430779175;dasdb;0.00;0.00;0.00;0.00;0.00;0.00;0.00;0.00
ECSPGSQL;60;1430779175;sda;379.42;0.00;22553.47;59.44;0.25;0.66;0.43;16.22
ECSPGSQL;60;1430779175;vgsys-swap;0.00;0.00;0.00;0.00;0.00;0.00;0.00;0.00
ECSPGSQL;60;1430779175;vgsys-postgreSQL;2819.18;0.00;22553.47;8.00;16.12;5.72;0.06;16.32
ECSPGSQL;60;1430779235;dasda;5.73;12.53;404.67;72.77;0.05;8.05;0.81;0.47
ECSPGSQL;60;1430779235;dasdb;0.00;0.00;0.00;0.00;0.00;0.00;0.00;0.00
ECSPGSQL;60;1430779235;sda;388.15;0.00;26542.53;68.38;0.28;0.73;0.43;16.77
ECSPGSQL;60;1430779235;vgsys-swap;0.00;0.00;0.00;0.00;0.00;0.00;0.00;0.00
ECSPGSQL;60;1430779235;vgsys-postgreSQL;3317.82;0.00;26542.53;8.00;27.06;8.16;0.05;16.85
ECSPGSQL;60;1430779295;dasda;7.93;102.78;445.53;69.13;0.14;17.50;1.20;0.95
ECSPGSQL;60;1430779295;dasdb;0.00;0.00;0.00;0.00;0.00;0.00;0.00;0.00
ECSPGSQL;60;1430779295;sda;1318.01;1.07;73933.81;56.10;3.68;2.79;0.17;22.41
ECSPGSQL;60;1430779295;vgsys-swap;0.00;0.00;0.00;0.00;0.00;0.00;0.00;0.00
ECSPGSQL;60;1430779295;vgsys-postgreSQL;9241.86;1.07;73933.81;8.00;75.34;8.15;0.02;22.60
ECSPGSQL;60;1430779355;dasda;8.10;147.47;365.33;63.31;0.15;18.17;1.23;1.00
ECSPGSQL;60;1430779355;dasdb;0.00;0.00;0.00;0.00;0.00;0.00;0.00;0.00
ECSPGSQL;60;1430779355;sda;648.67;3.33;44624.67;68.80;1.77;2.74;0.30;19.20
ECSPGSQL;60;1430779355;vgsys-swap;0.00;0.00;0.00;0.00;0.00;0.00;0.00;0.00
ECSPGSQL;60;1430779355;vgsys-postgreSQL;5578.50;3.33;44624.67;8.00;43.71;7.84;0.03;19.25
ECSPGSQL;60;1430779415;dasda;56.81;2468.12;1907.42;77.02;1.11;19.50;0.69;3.93
ECSPGSQL;60;1430779415;dasdb;0.00;0.00;0.00;0.00;0.00;0.00;0.00;0.00
ECSPGSQL;60;1430779415;sda;701.37;1.87;41234.59;58.79;2.42;3.44;0.06;4.47
ECSPGSQL;60;1430779415;vgsys-swap;0.00;0.00;0.00;0.00;0.00;0.00;0.00;0.00
ECSPGSQL;60;1430779415;vgsys-postgreSQL;5154.56;1.87;41234.59;8.00;104.09;20.19;0.04;19.10
